{
  "type": "FeatureCollection",
  "features": [
    {
      "type": "Feature",
      "id": "BS-CNT-0001",
      "geometry": {
        "type": "Polygon",
        "coordinates": [
          [
            [
              44.99864285133194,
              48.629226646654885
            ],
            [
              44.99864286098152,
              48.6288667987179
            ],
            [
              44.99972857219626,
              48.628866806393646
            ],
            [
              44.999728576055986,
              48.62814711045171
            ],
            [
              45.0,
              48.62814711077151
            ],
            [
              45.0,
              48.627967186771905
            ],
            [
              44.9994571540418,
              48.62796718549265
            ],
            [
              44.999457155971584,
              48.6277872614874
            ],
            [
              44.99972857798579,
              48.62778726244683
            ],
            [
              44.99972857895067,
              48.62760733843593
            ],
            [
              45.0,
              48.62760733875574
            ],
            [
              45.0,
              48.627427414739174
            ],
            [
              44.999728579915555,
              48.627427414419365
            ],
            [
              44.999728581845275,
              48.627067566369305
            ],
            [
              45.0,
              48.62706756668911
            ],
            [
              45.0,
              48.62688764265559
            ],
            [
              45.000271417189865,
              48.626887642335795
            ],
            [
              45.000271416225026,
              48.626707718296636
            ],
            [
              45.00054283245005,
              48.62670771733724
            ],
            [
              45.000542830520395,
              48.62652779329245
            ],
            [
              45.00081424578056,
              48.62652779169347
            ],
            [
              45.0008142428861,
              48.62634786764303
            ],
            [
              45.00108565718143,
              48.62634786540446
            ],
            [
              45.00108565332218,
              48.6261679413484
            ],
            [
              45.002985546634164,
              48.62616790777019
            ],
            [
              45.00298553602134,
              48.62598798370867
            ],
            [
              45.005971072030015,
              48.62598786762475
            ],
            [
              45.00597109325564,
              48.62616779168554
            ],
            [
              45.0062425065838,
              48.626167777294896
            ],
            [
              45.006242550965325,
              48.62652762539932
            ],
            [
              45.006785381480235,
              48.626527594698864
            ],
            [
              45.006785357359725,
              48.62634767064966
            ],
            [
              45.007056771652,
              48.626347654340144
            ],
            [
              45.00705679673734,
              48.62652757838925
            ],
            [
              45.00759962725079,
              48.626527543851225
            ],
            [
              45.00759965426603,
              48.626707467894455
            ],
            [
              45.0073282380446,
              48.62670748548337
            ],
            [
              45.00732826409527,
              48.62688740952107
            ],
            [
              45.007056846908746,
              48.62688742647048
            ],
            [
              45.00705687199482,
              48.627067350502635
            ],
            [
              45.0067854538432,
              48.62706736681257
            ],
            [
              45.00678547796466,
              48.627247290839165
            ],
            [
              45.00732831619737,
              48.62724725757949
            ],
            [
              45.0073282901462,
              48.62706733355311
            ],
            [
              45.007871126448165,
              48.627067297735245
            ],
            [
              45.007871042507126,
              48.62652752562284
            ],
            [
              45.00814245776318,
              48.62652750675484
            ],
            [
              45.008142428818566,
              48.626347582706195
            ],
            [
              45.008413843109516,
              48.626347563198735
            ],
            [
              45.00841381320038,
              48.62616763914456
            ],
            [
              45.00868522652622,
              48.62616761899765
            ],
            [
              45.008685195652575,
              48.62598769493795
            ],
            [
              45.00977084509359,
              48.62598760795496
            ],
            [
              45.00977087982645,
              48.626167532014115
            ],
            [
              45.01058511979805,
              48.62616746006082
            ],
            [
              45.01058515742567,
              48.62634738411386
            ],
            [
              45.01112798600119,
              48.62634733294676
            ],
            [
              45.01112802555883,
              48.62652725699384
            ],
            [
              45.01058519505367,
              48.62652730816127
            ],
            [
              45.010585270310784,
              48.626887156239114
            ],
            [
              45.010856687493224,
              48.62688713097488
            ],
            [
              45.01085664889964,
              48.62670720693893
            ],
            [
              45.011670897550104,
              48.626707127309125
            ],
            [
              45.011670980526716,
              48.627066975374355
            ],
            [
              45.011399562380596,
              48.62706700255756
            ],
            [
              45.01139964342912,
              48.62742685060052
            ],
            [
              45.011128223352884,
              48.62742687714448
            ],
            [
              45.01112818379329,
              48.62724695312564
            ],
            [
              45.01085676468153,
              48.627246979029806
            ],
            [
              45.01085684187135,
              48.627606827062145
            ],
            [
              45.01031399978719,
              48.62760687695227
            ],
            [
              45.01031392645686,
              48.62724702891931
            ],
            [
              45.01004250734398,
              48.62724705290464
            ],
            [
              45.01004247164422,
              48.62706712887953
            ],
            [
              45.00922821719808,
              48.62706719699746
            ],
            [
              45.00922825000327,
              48.627247121023
            ],
            [
              45.00977108823075,
              48.627247076250356
            ],
            [
              45.009771227173815,
              48.627966772294876
            ],
            [
              45.00949980420071,
              48.627966795001576
            ],
            [
              45.00949983797243,
              48.62814671899872
            ],
            [
              45.00977126191044,
              48.62814669629189
            ],
            [
              45.00977133138471,
              48.62850654426895
            ],
            [
              45.01004275725222,
              48.6285065209222
            ],
            [
              45.010042685848106,
              48.628146672945434
            ],
            [
              45.01031410978542,
              48.628146648959344
            ],
            [
              45.01031414645222,
              48.62832657295039
            ],
            [
              45.010585571354085,
              48.628326548324516
            ],
            [
              45.01058560898617,
              48.62850647230978
            ],
            [
              45.01085703485259,
              48.62850644704412
            ],
            [
              45.01085707344998,
              48.628686371023555
            ],
            [
              45.01058564661863,
              48.628686396289375
            ],
            [
              45.01058572188465,
              48.629046244231645
            ],
            [
              45.01085715064591,
              48.6290462189655
            ],
            [
              45.01085718924445,
              48.62922614292798
            ],
            [
              45.009228610881756,
              48.62922628493099
            ],
            [
              45.009228578073,
              48.62904636096761
            ],
            [
              45.00895714930966,
              48.629046382395856
            ],
            [
              45.008957085623024,
              48.62868653445186
            ],
            [
              45.00868565878926,
              48.6286865552402
            ],
            [
              45.00868559703374,
              48.62832670727334
            ],
            [
              45.00841417212954,
              48.62832672742178
            ],
            [
              45.008414202042225,
              48.628506651408166
            ],
            [
              45.0081427761728,
              48.6285066709171
            ],
            [
              45.00814280512084,
              48.62868659489794
            ],
            [
              45.007599951451276,
              48.62868663199712
            ],
            [
              45.00759997846972,
              48.628866555972564
            ],
            [
              45.00732855066959,
              48.62886657356281
            ],
            [
              45.00732857672334,
              48.62904649753272
            ],
            [
              45.007871434253246,
              48.62904646171236
            ],
            [
              45.00787140626958,
              48.62886653774268
            ],
            [
              45.008414261868474,
              48.62886649936397
            ],
            [
              45.008414291782046,
              48.629046423333406
            ],
            [
              45.008685720546005,
              48.62904640318446
            ],
            [
              45.00868575142483,
              48.62922632714811
            ],
            [
              45.004342875731936,
              48.62922657277494
            ],
            [
              45.00434286029252,
              48.629046648809734
            ],
            [
              45.00380000275729,
              48.62904666799922
            ],
            [
              45.00380001626677,
              48.629226591964525
            ],
            [
              44.99864285133194,
              48.629226646654885
            ]
          ]
        ]
      },
      "properties": {
        "contour_id": "BS-CNT-0001",
        "severity_class": 1,
        "severity_ru": "Слабая",
        "severity_en": "Low",
        "area_ha": 25.84,
        "utm_zone": "EPSG:32638"
      }
    },
    {
      "type": "Feature",
      "id": "BS-CNT-0002",
      "geometry": {
        "type": "Polygon",
        "coordinates": [
          [
            [
              44.9498185051968,
              48.59592969150039
            ],
            [
              44.949818683389125,
              48.59574976655821
            ],
            [
              44.9500899336416,
              48.59574988443621
            ],
            [
              44.95009011086897,
              48.59556995948761
            ],
            [
              44.95063260945277,
              48.595570193325415
            ],
            [
              44.95063331063944,
              48.594850493468726
            ],
            [
              44.950362065199336,
              48.59485037687221
            ],
            [
              44.95036259396058,
              48.594310601922565
            ],
            [
              44.950091351411615,
              48.59431048468937
            ],
            [
              44.950091528624995,
              48.594130559695586
            ],
            [
              44.9498202870409,
              48.59413044182427
            ],
            [
              44.94982046521564,
              48.59395051682558
            ],
            [
              44.9495492245964,
              48.59395039831613
            ],
            [
              44.94954958286679,
              48.59359054830328
            ],
            [
              44.95009206025464,
              48.59359078468034
            ],
            [
              44.95009188304651,
              48.59377070969107
            ],
            [
              44.95063436236754,
              48.593770943514166
            ],
            [
              44.9506336612224,
              48.59449064350647
            ],
            [
              44.950904904737946,
              48.59449075946265
            ],
            [
              44.950904730410464,
              48.59467068444732
            ],
            [
              44.95117597489088,
              48.594670799765346
            ],
            [
              44.95117580152482,
              48.5948507247451
            ],
            [
              44.95171829241705,
              48.594850953465944
            ],
            [
              44.951718120975585,
              48.59503087844148
            ],
            [
              44.9519893673874,
              48.59503099184428
            ],
            [
              44.95198953786571,
              48.59485106686803
            ],
            [
              44.95226078331605,
              48.59485117963124
            ],
            [
              44.95226095282953,
              48.594671254648624
            ],
            [
              44.952803441808925,
              48.59467147825699
            ],
            [
              44.952803274221736,
              48.594851403241
            ],
            [
              44.95253202876806,
              48.59485129175556
            ],
            [
              44.952531691662394,
              48.59521114170525
            ],
            [
              44.95144670215916,
              48.59521068936896
            ],
            [
              44.95144635734142,
              48.59557053929036
            ],
            [
              44.95090385874727,
              48.59557030928597
            ],
            [
              44.95090368440946,
              48.595750234236746
            ],
            [
              44.95063243415178,
              48.59575011827547
            ],
            [
              44.95063225884905,
              48.59593004321986
            ],
            [
              44.9498185051968,
              48.59592969150039
            ]
          ]
        ]
      },
      "properties": {
        "contour_id": "BS-CNT-0002",
        "severity_class": 1,
        "severity_ru": "Слабая",
        "severity_en": "Low",
        "area_ha": 1.76,
        "utm_zone": "EPSG:32638"
      }
    },
    {
      "type": "Feature",
      "id": "BS-CNT-0003",
      "geometry": {
        "type": "Polygon",
        "coordinates": [
          [
            [
              44.943583133352895,
              48.59286807947388
            ],
            [
              44.94358353397554,
              48.59250822942805
            ],
            [
              44.943854766849185,
              48.59250836198584
            ],
            [
              44.9438551655379,
              48.59214851191574
            ],
            [
              44.943583934590286,
              48.592148379359614
            ],
            [
              44.943584335197116,
              48.59178852926857
            ],
            [
              44.94331310617748,
              48.59178839607531
            ],
            [
              44.9433133074409,
              48.59160847102214
            ],
            [
              44.943584535497564,
              48.59160860421458
            ],
            [
              44.94358473579604,
              48.59142867915493
            ],
            [
              44.9438559628917,
              48.59142881170771
            ],
            [
              44.9438557635562,
              48.5916087367682
            ],
            [
              44.94439821967937,
              48.59160899995899
            ],
            [
              44.944398614496535,
              48.59124914982907
            ],
            [
              44.944669840635115,
              48.59124928046461
            ],
            [
              44.94466964419047,
              48.59142920553322
            ],
            [
              44.94494087129395,
              48.59142933553077
            ],
            [
              44.944940284837315,
              48.591969110705136
            ],
            [
              44.94521151483167,
              48.591969240066334
            ],
            [
              44.94521132030527,
              48.592149165113966
            ],
            [
              44.94548255126454,
              48.59214929383714
            ],
            [
              44.945481970562874,
              48.592689068948566
            ],
            [
              44.94493950286813,
              48.592688810858526
            ],
            [
              44.94494008934792,
              48.592149035751966
            ],
            [
              44.9446688583925,
              48.592148905751145
            ],
            [
              44.944669054844894,
              48.591968980705126
            ],
            [
              44.94439782485441,
              48.591968850066316
            ],
            [
              44.94439743002166,
              48.59232870015103
            ],
            [
              44.944668661938145,
              48.5923288307915
            ],
            [
              44.94466826902365,
              48.592688680855254
            ],
            [
              44.94385456750187,
              48.59268828701242
            ],
            [
              44.9438543681526,
              48.59286821203334
            ],
            [
              44.943583133352895,
              48.59286807947388
            ]
          ]
        ]
      },
      "properties": {
        "contour_id": "BS-CNT-0003",
        "severity_class": 1,
        "severity_ru": "Слабая",
        "severity_en": "Low",
        "area_ha": 1.44,
        "utm_zone": "EPSG:32638"
      }
    },
    {
      "type": "Feature",
      "id": "BS-CNT-0004",
      "geometry": {
        "type": "Polygon",
        "coordinates": [
          [
            [
              44.95307451967707,
              48.59485151408756
            ],
            [
              44.95307485292352,
              48.59449166411248
            ],
            [
              44.952803609394465,
              48.59449155326731
            ],
            [
              44.95280377697836,
              48.59431162827199
            ],
            [
              44.95253253441408,
              48.59431151678866
            ],
            [
              44.952532702959424,
              48.594131591788376
            ],
            [
              44.95226146135993,
              48.59413147966687
            ],
            [
              44.952261630866715,
              48.59395155466166
            ],
            [
              44.951719149598965,
              48.593951328503465
            ],
            [
              44.95171897816597,
              48.594131253507264
            ],
            [
              44.951176494978775,
              48.594131024792176
            ],
            [
              44.95117684169548,
              48.59377117478182
            ],
            [
              44.95090560203065,
              48.59377105946742
            ],
            [
              44.95090577634952,
              48.59359113445449
            ],
            [
              44.9506345376495,
              48.593591018501954
            ],
            [
              44.95063488820822,
              48.59323116846058
            ],
            [
              44.95036365143607,
              48.593231051870674
            ],
            [
              44.95036382767591,
              48.593051126842255
            ],
            [
              44.94982135606294,
              48.59305089174736
            ],
            [
              44.94982153422713,
              48.59287096671476
            ],
            [
              44.94955029938633,
              48.592870848209785
            ],
            [
              44.94955047851179,
              48.592690923172285
            ],
            [
              44.9492792446358,
              48.59269080402923
            ],
            [
              44.949279424722526,
              48.59251087898682
            ],
            [
              44.94900819181134,
              48.59251075920567
            ],
            [
              44.94900837285931,
              48.592330834158375
            ],
            [
              44.94873714091293,
              48.59233071373915
            ],
            [
              44.94873732292212,
              48.592150788686965
            ],
            [
              44.948466091940546,
              48.592150667629674
            ],
            [
              44.94846627491094,
              48.591970742572585
            ],
            [
              44.94792381487923,
              48.59197049854308
            ],
            [
              44.94792418466655,
              48.59161064841502
            ],
            [
              44.9476529565794,
              48.591610525443585
            ],
            [
              44.94765314243329,
              48.59143060037186
            ],
            [
              44.94711068819045,
              48.591430352514095
            ],
            [
              44.94711106374456,
              48.59107050235681
            ],
            [
              44.94656861336096,
              48.591070251946974
            ],
            [
              44.94656880306112,
              48.59089032686141
            ],
            [
              44.94684002728905,
              48.59089045238495
            ],
            [
              44.946840216024405,
              48.59071052729296
            ],
            [
              44.947653885830526,
              48.59071090002842
            ],
            [
              44.947653699983974,
              48.590890825122756
            ],
            [
              44.947924924219286,
              48.5908909480911
            ],
            [
              44.94792455444657,
              48.59125079826437
            ],
            [
              44.94873823294113,
              48.59125116334122
            ],
            [
              44.94873786893892,
              48.59161101349647
            ],
            [
              44.94900909703331,
              48.591611133912664
            ],
            [
              44.94900891599249,
              48.59179105898256
            ],
            [
              44.94928014505166,
              48.591791178760694
            ],
            [
              44.94927996497204,
              48.591971103825706
            ],
            [
              44.949551194995976,
              48.59197122296576
            ],
            [
              44.94955101587758,
              48.59215114802587
            ],
            [
              44.94982224686628,
              48.592151266527864
            ],
            [
              44.949822068709125,
              48.592331191583064
            ],
            [
              44.9500933006626,
              48.592331309446976
            ],
            [
              44.95009312346671,
              48.592511234497266
            ],
            [
              44.95063558930493,
              48.59251146831006
            ],
            [
              44.95063541403334,
              48.59269139335617
            ],
            [
              44.95090664791808,
              48.59269150930504
            ],
            [
              44.950906473607816,
              48.59287143434623
            ],
            [
              44.95144894330851,
              48.59287166432894
            ],
            [
              44.951448770922624,
              48.59305158936593
            ],
            [
              44.95172000673858,
              48.59305170339972
            ],
            [
              44.951719835314044,
              48.593231628431774
            ],
            [
              44.95144859853502,
              48.593231514397246
            ],
            [
              44.951448426145724,
              48.59341143942294
            ],
            [
              44.95171966388781,
              48.59341155345818
            ],
            [
              44.951719321030275,
              48.59377140349403
            ],
            [
              44.952261800371836,
              48.59377162965079
            ],
            [
              44.95226196987528,
              48.59359170463427
            ],
            [
              44.952533208585486,
              48.59359181675366
            ],
            [
              44.952533377124176,
              48.59341189173078
            ],
            [
              44.95226213937704,
              48.5934117796121
            ],
            [
              44.95226230887714,
              48.59323185458428
            ],
            [
              44.95199107209475,
              48.593231741827445
            ],
            [
              44.95199124255623,
              48.593051816794684
            ],
            [
              44.95226247837556,
              48.5930519295508
            ],
            [
              44.95226264787231,
              48.59287200451168
            ],
            [
              44.95199141301603,
              48.59287189175628
            ],
            [
              44.95199158347415,
              48.59269196671221
            ],
            [
              44.95172034958258,
              48.59269185331867
            ],
            [
              44.951720521002045,
              48.59251192826968
            ],
            [
              44.9514492880752,
              48.592511814238016
            ],
            [
              44.95144963283508,
              48.5921519641245
            ],
            [
              44.951720863835895,
              48.592152078154726
            ],
            [
              44.95172069241982,
              48.59233200321502
            ],
            [
              44.95226315635252,
              48.5923322293604
            ],
            [
              44.952262986860795,
              48.59251215441648
            ],
            [
              44.95280545272623,
              48.59251237800798
            ],
            [
              44.95280528515889,
              48.5926923030598
            ],
            [
              44.952534051262305,
              48.59269219158277
            ],
            [
              44.952533545661204,
              48.593231966702255
            ],
            [
              44.95307601923431,
              48.59323218902167
            ],
            [
              44.953075686010884,
              48.593592039075865
            ],
            [
              44.95388940216129,
              48.593592367767755
            ],
            [
              44.953890057044816,
              48.59287266762849
            ],
            [
              44.95416129191261,
              48.59287277591202
            ],
            [
              44.9541611291572,
              48.59305270095599
            ],
            [
              44.95497483665933,
              48.59305302197555
            ],
            [
              44.954974676791494,
              48.593232947015885
            ],
            [
              44.95524591359176,
              48.59323305274538
            ],
            [
              44.95524575468541,
              48.593412977780744
            ],
            [
              44.95551699245031,
              48.59341308287204
            ],
            [
              44.955516834505474,
              48.593593007902406
            ],
            [
              44.95578807323501,
              48.59359311235553
            ],
            [
              44.9557879162517,
              48.5937730373809
            ],
            [
              44.95551667655907,
              48.59377293292712
            ],
            [
              44.955516518611105,
              48.59395285794618
            ],
            [
              44.95524527795694,
              48.5939527528529
            ],
            [
              44.95524511904432,
              48.594132677865645
            ],
            [
              44.954702635814485,
              48.594132465761156
            ],
            [
              44.954702474974056,
              48.59431239076692
            ],
            [
              44.954159989824355,
              48.59431217610559
            ],
            [
              44.95415982705609,
              48.59449210110435
            ],
            [
              44.95361733998656,
              48.594491883886164
            ],
            [
              44.95361717529042,
              48.594671808877926
            ],
            [
              44.953345930794946,
              48.59467169930983
            ],
            [
              44.95334576513404,
              48.59485162429523
            ],
            [
              44.95307451967707,
              48.59485151408756
            ]
          ]
        ]
      },
      "properties": {
        "contour_id": "BS-CNT-0004",
        "severity_class": 1,
        "severity_ru": "Слабая",
        "severity_en": "Low",
        "area_ha": 6.6,
        "utm_zone": "EPSG:32638"
      }
    },
    {
      "type": "Feature",
      "id": "BS-CNT-0005",
      "geometry": {
        "type": "Polygon",
        "coordinates": [
          [
            [
              44.94141658304673,
              48.58998819510945
            ],
            [
              44.94141699901222,
              48.58962834489642
            ],
            [
              44.94033212923127,
              48.58962778789039
            ],
            [
              44.9403323410624,
              48.58944786277888
            ],
            [
              44.93978990811017,
              48.58944758044504
            ],
            [
              44.93978969435331,
              48.589627505554766
            ],
            [
              44.939518476917485,
              48.589627363428804
            ],
            [
              44.93951912107032,
              48.58908758808538
            ],
            [
              44.94168883750687,
              48.58908870718648
            ],
            [
              44.941688630494156,
              48.589268632313626
            ],
            [
              44.941959846020865,
              48.58926876932774
            ],
            [
              44.94196005207073,
              48.58908884419971
            ],
            [
              44.94223126663663,
              48.58908898057418
            ],
            [
              44.94223106154961,
              48.589268905703065
            ],
            [
              44.94304470814795,
              48.58926931099652
            ],
            [
              44.94304430374503,
              48.58962916124244
            ],
            [
              44.941959433915045,
              48.589628619566824
            ],
            [
              44.94195902180108,
              48.58998846978332
            ],
            [
              44.94141658304673,
              48.58998819510945
            ]
          ]
        ]
      },
      "properties": {
        "contour_id": "BS-CNT-0005",
        "severity_class": 1,
        "severity_ru": "Слабая",
        "severity_en": "Low",
        "area_ha": 1.48,
        "utm_zone": "EPSG:32638"
      }
    },
    {
      "type": "Feature",
      "id": "BS-CNT-0006",
      "geometry": {
        "type": "Polygon",
        "coordinates": [
          [
            [
              44.96797869296753,
              48.61752713368304
            ],
            [
              44.96797880676011,
              48.6173472093781
            ],
            [
              44.96716470876458,
              48.61734698015764
            ],
            [
              44.96716482544904,
              48.6171670558485
            ],
            [
              44.966893460417154,
              48.61716697816339
            ],
            [
              44.96689381335658,
              48.61662720520351
            ],
            [
              44.96635108908218,
              48.616627047918115
            ],
            [
              44.96635156736607,
              48.61590735056312
            ],
            [
              44.96662292564555,
              48.61590742952351
            ],
            [
              44.96662304424932,
              48.61572750517014
            ],
            [
              44.96635168693409,
              48.61572742621025
            ],
            [
              44.96635180650093,
              48.61554750185173
            ],
            [
              44.96580909380252,
              48.615547342014885
            ],
            [
              44.9658093367896,
              48.615187493282896
            ],
            [
              44.965537982370655,
              48.61518741240647
            ],
            [
              44.965538104826614,
              48.61500748803251
            ],
            [
              44.9652667513731,
              48.61500740651725
            ],
            [
              44.96526687479206,
              48.61482748213817
            ],
            [
              44.96499552230397,
              48.61482739998409
            ],
            [
              44.96499589544611,
              48.61428762681446
            ],
            [
              44.965267245041616,
              48.61428770896698
            ],
            [
              44.9652673684557,
              48.61410778456529
            ],
            [
              44.96635276299314,
              48.61410810678016
            ],
            [
              44.96635288254936,
              48.61392818237078
            ],
            [
              44.96581018720656,
              48.613928022542986
            ],
            [
              44.965810308689896,
              48.613748098128966
            ],
            [
              44.965267615280204,
              48.61374793574494
            ],
            [
              44.96526749186856,
              48.613927860157936
            ],
            [
              44.96472479653544,
              48.61392769521565
            ],
            [
              44.96472492187539,
              48.61374777080369
            ],
            [
              44.96445357517483,
              48.61374768737411
            ],
            [
              44.964453701477694,
              48.61356776295702
            ],
            [
              44.96201158990723,
              48.61356698332684
            ],
            [
              44.96201172488603,
              48.61338705890902
            ],
            [
              44.96174038012665,
              48.613386969087486
            ],
            [
              44.96174051606826,
              48.613207044664584
            ],
            [
              44.962011859863516,
              48.613207134485535
            ],
            [
              44.962011994839656,
              48.6130272100564
            ],
            [
              44.96146930917872,
              48.61302702977632
            ],
            [
              44.96146958298341,
              48.61266718090337
            ],
            [
              44.96119824208317,
              48.61266708980555
            ],
            [
              44.961198655672305,
              48.61212731645547
            ],
            [
              44.96092731766564,
              48.61212722472008
            ],
            [
              44.96092759531304,
              48.611767375792944
            ],
            [
              44.96038492316005,
              48.611767190406695
            ],
            [
              44.96038506390976,
              48.611587265935825
            ],
            [
              44.9601137287994,
              48.61158717228438
            ],
            [
              44.960113870511755,
              48.61140724780845
            ],
            [
              44.9598425363668,
              48.61140715351837
            ],
            [
              44.95984267904178,
              48.611227229037354
            ],
            [
              44.95957134586226,
              48.6112271341086
            ],
            [
              44.959571633135994,
              48.61086728513085
            ],
            [
              44.959300301885904,
              48.61086718956406
            ],
            [
              44.95930044648463,
              48.6106872650673
            ],
            [
              44.959029116199964,
              48.61068716886186
            ],
            [
              44.95902897063724,
              48.61086709335801
            ],
            [
              44.95821497689992,
              48.61086680090445
            ],
            [
              44.95821527380783,
              48.61050695191017
            ],
            [
              44.958486603124186,
              48.6105070500327
            ],
            [
              44.95848689809831,
              48.6101472010146
            ],
            [
              44.957944243322935,
              48.61014700413277
            ],
            [
              44.95794439273572,
              48.60996707961649
            ],
            [
              44.95821571915872,
              48.6099671783764
            ],
            [
              44.958215867606086,
              48.609787253853824
            ],
            [
              44.95767321668945,
              48.609787055696046
            ],
            [
              44.957673367063215,
              48.60960713116907
            ],
            [
              44.95821601605199,
              48.609607329325605
            ],
            [
              44.95821631293939,
              48.60924748025224
            ],
            [
              44.9576736678063,
              48.609247282098195
            ],
            [
              44.95767381817561,
              48.60906735755429
            ],
            [
              44.95794513977751,
              48.609067456950285
            ],
            [
              44.9579454385839,
              48.60870760784425
            ],
            [
              44.95767411890978,
              48.6087075084495
            ],
            [
              44.957674269274634,
              48.60852758388863
            ],
            [
              44.95930218155806,
              48.608528170665544
            ],
            [
              44.95930232613823,
              48.60834824609533
            ],
            [
              44.95794573738439,
              48.608347758715624
            ],
            [
              44.957945886782426,
              48.60816783414282
            ],
            [
              44.957403253218864,
              48.60816763471789
            ],
            [
              44.957403101893114,
              48.608347559289435
            ],
            [
              44.957131784149716,
              48.608347458617565
            ],
            [
              44.9571316318586,
              48.608527383182825
            ],
            [
              44.95740295056587,
              48.60852748385532
            ],
            [
              44.95740264790691,
              48.608887332970134
            ],
            [
              44.957131327271874,
              48.608887232296375
            ],
            [
              44.95713041347562,
              48.60996677950144
            ],
            [
              44.956859087058575,
              48.60996667818465
            ],
            [
              44.95685924032565,
              48.609786753665226
            ],
            [
              44.95658791487406,
              48.60978665170985
            ],
            [
              44.95658806910357,
              48.60960672718542
            ],
            [
              44.956859393591216,
              48.60960682914016
            ],
            [
              44.95686015989635,
              48.608707206430076
            ],
            [
              44.95658884022823,
              48.608707104478555
            ],
            [
              44.95658899444859,
              48.60852717992023
            ],
            [
              44.95604635704466,
              48.60852697410088
            ],
            [
              44.95604588859569,
              48.60906674775503
            ],
            [
              44.955774567004376,
              48.609066643884624
            ],
            [
              44.95577472411947,
              48.60888671933954
            ],
            [
              44.9552320828693,
              48.60888650968243
            ],
            [
              44.95523160573593,
              48.60942628329674
            ],
            [
              44.954960282221485,
              48.6094261775074
            ],
            [
              44.95496044223142,
              48.6092462529756
            ],
            [
              44.9544177971351,
              48.60924603948062
            ],
            [
              44.95441795907127,
              48.60906611494451
            ],
            [
              44.95414663748941,
              48.60906600723888
            ],
            [
              44.95414696328473,
              48.60870615815109
            ],
            [
              44.95387564363226,
              48.608706049807616
            ],
            [
              44.95387580749138,
              48.60852612525591
            ],
            [
              44.954418444870186,
              48.608526341302294
            ],
            [
              44.95441860679996,
              48.60834641674359
            ],
            [
              44.95414728907362,
              48.608346309040684
            ],
            [
              44.954147614856076,
              48.60798645990768
            ],
            [
              44.95387629905905,
              48.60798635156694
            ],
            [
              44.95387662676274,
              48.60762650241269
            ],
            [
              44.953605312895,
              48.60762639343415
            ],
            [
              44.95360481844552,
              48.60816616715498
            ],
            [
              44.953333501687894,
              48.608166057535186
            ],
            [
              44.953333667469856,
              48.60798613296792
            ],
            [
              44.953062351677715,
              48.60798602270964
            ],
            [
              44.95306251842188,
              48.60780609813742
            ],
            [
              44.95279120359522,
              48.60780598724066
            ],
            [
              44.95279137130157,
              48.607626062663485
            ],
            [
              44.952520057440395,
              48.607625951128256
            ],
            [
              44.95252022610891,
              48.60744602654613
            ],
            [
              44.951977600319196,
              48.60744580155958
            ],
            [
              44.951977770913665,
              48.60726587697321
            ],
            [
              44.95143514705831,
              48.607265649431426
            ],
            [
              44.95143531957869,
              48.607085724840836
            ],
            [
              44.95089269765775,
              48.60708549474386
            ],
            [
              44.950892872104006,
              48.606905570149074
            ],
            [
              44.95007894212691,
              48.60690522021212
            ],
            [
              44.950079119462785,
              48.606725295613884
            ],
            [
              44.94980781043768,
              48.60672517769066
            ],
            [
              44.949807988735586,
              48.60654525308752
            ],
            [
              44.9489940645622,
              48.60654489548522
            ],
            [
              44.948993883372985,
              48.60672482008612
            ],
            [
              44.94953650141434,
              48.6067250591283
            ],
            [
              44.949536322150905,
              48.60690498372505
            ],
            [
              44.949807632138025,
              48.60690510228816
            ],
            [
              44.9498074538366,
              48.60708502688001
            ],
            [
              44.94872221004362,
              48.607084548789615
            ],
            [
              44.9487223922002,
              48.60690462420079
            ],
            [
              44.948451082220224,
              48.606904503081054
            ],
            [
              44.94845071597767,
              48.60726435225156
            ],
            [
              44.94736546836556,
              48.607263861374946
            ],
            [
              44.94736528138633,
              48.60744378594863
            ],
            [
              44.947093968524094,
              48.60744366163079
            ],
            [
              44.947094156467124,
              48.607263737057885
            ],
            [
              44.946008908892026,
              48.60726323339804
            ],
            [
              44.94600910068839,
              48.60708330882264
            ],
            [
              44.94573778976313,
              48.60708318131058
            ],
            [
              44.94573798252139,
              48.60690325673034
            ],
            [
              44.94546667256182,
              48.60690312857992
            ],
            [
              44.945466866281976,
              48.60672320399485
            ],
            [
              44.94600948427546,
              48.606723459654916
            ],
            [
              44.94600929248287,
              48.6069033842416
            ],
            [
              44.946280602446244,
              48.60690351111371
            ],
            [
              44.94628098410197,
              48.60654366193308
            ],
            [
              44.94655229213967,
              48.60654378816446
            ],
            [
              44.94655324142731,
              48.60564416511003
            ],
            [
              44.94682454464817,
              48.605644290698294
            ],
            [
              44.94682492242269,
              48.605284441435394
            ],
            [
              44.94655362112925,
              48.6052843158487
            ],
            [
              44.94655400082368,
              48.604924466564796
            ],
            [
              44.94601140209718,
              48.60492421347723
            ],
            [
              44.946011018547985,
              48.60528406275796
            ],
            [
              44.94573971726019,
              48.60528393525391
            ],
            [
              44.94574068093736,
              48.604384312013686
            ],
            [
              44.94546938446984,
              48.60438418387457
            ],
            [
              44.945469771854675,
              48.60402433454053
            ],
            [
              44.94519847731635,
              48.60402420576392
            ],
            [
              44.94519867196953,
              48.60384428108922
            ],
            [
              44.94492737839676,
              48.60384415167434
            ],
            [
              44.944926987161224,
              48.60420400101643
            ],
            [
              44.94465569166312,
              48.60420387096082
            ],
            [
              44.944655495078806,
              48.604383795622574
            ],
            [
              44.94492679154056,
              48.604383925679
            ],
            [
              44.944926400293426,
              48.60474377498718
            ],
            [
              44.94465510190435,
              48.60474364492912
            ],
            [
              44.94465470872214,
              48.60510349421307
            ],
            [
              44.944112108095105,
              48.60510323217633
            ],
            [
              44.94411171105033,
              48.60546308143439
            ],
            [
              44.94329780434231,
              48.60546268358093
            ],
            [
              44.94329800575678,
              48.60528275895723
            ],
            [
              44.9427554032221,
              48.60528249052767
            ],
            [
              44.94275560656198,
              48.605102565900026
            ],
            [
              44.942213005962714,
              48.60510229491571
            ],
            [
              44.942212800695444,
              48.60528221954166
            ],
            [
              44.941398896920695,
              48.60528180826924
            ],
            [
              44.94139868876029,
              48.605461732886965
            ],
            [
              44.941127386542426,
              48.60546159451706
            ],
            [
              44.941127595666536,
              48.6052816699002
            ],
            [
              44.940856294414445,
              48.60528153089204
            ],
            [
              44.94085650450018,
              48.60510160627043
            ],
            [
              44.94058520421386,
              48.60510146662405
            ],
            [
              44.94058499316443,
              48.60528139124478
            ],
            [
              44.94004239067066,
              48.60528111003288
            ],
            [
              44.940042816622196,
              48.60492126078928
            ],
            [
              44.93977151730584,
              48.60492111922644
            ],
            [
              44.93977173124213,
              48.60474119459704
            ],
            [
              44.93868653785261,
              48.604740621958186
            ],
            [
              44.93868740899507,
              48.60402092339854
            ],
            [
              44.938416114507646,
              48.604020778644696
            ],
            [
              44.93841655199322,
              48.60366092933278
            ],
            [
              44.9381452594352,
              48.603660783941685
            ],
            [
              44.93814591853817,
              48.603121009934185
            ],
            [
              44.93868849787477,
              48.60312130007182
            ],
            [
              44.938688280103136,
              48.60330122474845
            ],
            [
              44.93923086137551,
              48.60330151233164
            ],
            [
              44.93923150890251,
              48.60276173827931
            ],
            [
              44.93896022115599,
              48.60276159480999
            ],
            [
              44.938960437957626,
              48.602581670115484
            ],
            [
              44.9386891511768,
              48.602581526007974
            ],
            [
              44.938688933411605,
              48.60276145070158
            ],
            [
              44.938417645669375,
              48.60276130595411
            ],
            [
              44.938417426938464,
              48.60294123064115
            ],
            [
              44.93814613823482,
              48.60294108525371
            ],
            [
              44.9381463579293,
              48.60276116056758
            ],
            [
              44.937875070191396,
              48.602761014542004
            ],
            [
              44.93787529084727,
              48.60258108985116
            ],
            [
              44.938146577621616,
              48.60258123587582
            ],
            [
              44.93814679731176,
              48.60240131117839
            ],
            [
              44.93868936893984,
              48.602401601308735
            ],
            [
              44.938690022216065,
              48.601861827177075
            ],
            [
              44.93896130514275,
              48.601861971280954
            ],
            [
              44.93896217229362,
              48.60114227235603
            ],
            [
              44.939233451368445,
              48.60114241581725
            ],
            [
              44.93923409881873,
              48.6006026415615
            ],
            [
              44.93869154645203,
              48.60060235400545
            ],
            [
              44.938691764191425,
              48.600422429244055
            ],
            [
              44.93787793854786,
              48.600421993120136
            ],
            [
              44.93787771791812,
              48.6006019178788
            ],
            [
              44.936792613236776,
              48.600601327430404
            ],
            [
              44.936792837720304,
              48.60042140267546
            ],
            [
              44.93625028731978,
              48.60042110361907
            ],
            [
              44.936250060909366,
              48.60060102837215
            ],
            [
              44.93543623243504,
              48.60060057499215
            ],
            [
              44.93543600313202,
              48.600780499736715
            ],
            [
              44.93407961756958,
              48.60077973131831
            ],
            [
              44.93407985168988,
              48.60059980657857
            ],
            [
              44.933808575547744,
              48.60059965097882
            ],
            [
              44.93380881062918,
              48.600419726234406
            ],
            [
              44.934080085807864,
              48.60041988183318
            ],
            [
              44.93408078814796,
              48.599880107563116
            ],
            [
              44.93435206043868,
              48.59988026251995
            ],
            [
              44.934352293584006,
              48.59970033775099
            ],
            [
              44.934623564913615,
              48.59970049206787
            ],
            [
              44.934624029270594,
              48.599340642511045
            ],
            [
              44.934895298675706,
              48.59934079618699
            ],
            [
              44.93489552988738,
              48.599160871399135
            ],
            [
              44.9351667983314,
              48.59916102443514
            ],
            [
              44.93516702857741,
              48.598981099640675
            ],
            [
              44.93543829606033,
              48.59898125203673
            ],
            [
              44.93543852534072,
              48.59880132723565
            ],
            [
              44.93760865757789,
              48.598802523393495
            ],
            [
              44.9376088791492,
              48.59862259857925
            ],
            [
              44.940050269412936,
              48.5986238953673
            ],
            [
              44.94005048231198,
              48.59844397053924
            ],
            [
              44.942220599427245,
              48.59844507978291
            ],
            [
              44.94222039423494,
              48.59862500461794
            ],
            [
              44.9424916598469,
              48.59862514039892
            ],
            [
              44.94249186407586,
              48.59844521556303
            ],
            [
              44.943305658033786,
              48.598445619069594
            ],
            [
              44.94330585937073,
              48.59826569422552
            ],
            [
              44.943848386759306,
              48.5982659600334
            ],
            [
              44.943848586167626,
              48.59808603518201
            ],
            [
              44.94466237437524,
              48.59808642909916
            ],
            [
              44.9446621778569,
              48.59826635395302
            ],
            [
              44.945475968971955,
              48.59826674212201
            ],
            [
              44.94547577534167,
              48.59844666697268
            ],
            [
              44.94656083404179,
              48.59844717558907
            ],
            [
              44.946560644262966,
              48.598627100437284
            ],
            [
              44.946831909906045,
              48.598627225994754
            ],
            [
              44.946831532269485,
              48.5989870756758
            ],
            [
              44.947645334990014,
              48.598987448519104
            ],
            [
              44.94764514905905,
              48.5991673733535
            ],
            [
              44.947916417599615,
              48.599167496357424
            ],
            [
              44.947916232630206,
              48.59934742118694
            ],
            [
              44.94818750213597,
              48.59934754355265
            ],
            [
              44.94818695010697,
              48.599887318009614
            ],
            [
              44.94845822250476,
              48.59988743973863
            ],
            [
              44.948458405552834,
              48.59970751492454
            ],
            [
              44.94872967698902,
              48.5997076360138
            ],
            [
              44.948728766547724,
              48.600607260031595
            ],
            [
              44.949271319059754,
              48.60060750030071
            ],
            [
              44.94927113889302,
              48.600787425088825
            ],
            [
              44.94981369333908,
              48.60078766280337
            ],
            [
              44.949813515097496,
              48.600967587587334
            ],
            [
              44.95008479328664,
              48.60096770548683
            ],
            [
              44.95008443872516,
              48.60132755503928
            ],
            [
              44.950355718843014,
              48.601327672301224
            ],
            [
              44.950356247792186,
              48.600787897961844
            ],
            [
              44.95008497056477,
              48.60078778070212
            ],
            [
              44.95008514784113,
              48.600607855911754
            ],
            [
              44.95062770037081,
              48.60060808979074
            ],
            [
              44.950627875718524,
              48.60042816499326
            ],
            [
              44.94981404981697,
              48.60042781321848
            ],
            [
              44.94981387157891,
              48.60060773801376
            ],
            [
              44.94954259531845,
              48.60060761947675
            ],
            [
              44.94954277451996,
              48.60042769468221
            ],
            [
              44.94927149922472,
              48.600427575506934
            ],
            [
              44.9492716793879,
              48.600247650707516
            ],
            [
              44.949000405057866,
              48.60024753089398
            ],
            [
              44.94900112954647,
              48.599527831642796
            ],
            [
              44.948458588599095,
              48.59952759010478
            ],
            [
              44.94845895468622,
              48.59916774044833
            ],
            [
              44.948730223232225,
              48.59916786153531
            ],
            [
              44.948730041152956,
              48.599347786367126
            ],
            [
              44.94927258017712,
              48.59934802662565
            ],
            [
              44.9492733007765,
              48.59862832725844
            ],
            [
              44.94954456643779,
              48.59862844642623
            ],
            [
              44.94954420806837,
              48.59898829612263
            ],
            [
              44.94981547565814,
              48.59898841465295
            ],
            [
              44.94981529743416,
              48.59916833949342
            ],
            [
              44.95144290878964,
              48.599169037261156
            ],
            [
              44.95144239144815,
              48.59970881176183
            ],
            [
              44.95171366290358,
              48.59970892582217
            ],
            [
              44.95171331992757,
              48.60006877546247
            ],
            [
              44.952255866697165,
              48.60006900166902
            ],
            [
              44.95225569713348,
              48.60024892648211
            ],
            [
              44.95279824583662,
              48.60024915013407
            ],
            [
              44.95279908400422,
              48.59934952600505
            ],
            [
              44.953070353541236,
              48.59934963686904
            ],
            [
              44.95307052020641,
              48.599169712025585
            ],
            [
              44.95334178878168,
              48.599169822249884
            ],
            [
              44.95334195448184,
              48.598989897400095
            ],
            [
              44.95361322209538,
              48.598990006984735
            ],
            [
              44.95361355156407,
              48.59863015726681
            ],
            [
              44.95334228587724,
              48.59863004768355
            ],
            [
              44.953342451572496,
              48.5984501228168
            ],
            [
              44.95307118685065,
              48.59845001259527
            ],
            [
              44.953071353507596,
              48.59827008772356
            ],
            [
              44.95280008975073,
              48.598269976863754
            ],
            [
              44.952799922130446,
              48.59844990173478
            ],
            [
              44.952257392695024,
              48.59844967809689
            ],
            [
              44.952257223146404,
              48.59862960296084
            ],
            [
              44.951985957467855,
              48.59862949018273
            ],
            [
              44.95198612797982,
              48.59844956531949
            ],
            [
              44.9517148632663,
              48.59844945190314
            ],
            [
              44.95171503473991,
              48.59826952703496
            ],
            [
              44.95008745227465,
              48.59826883312293
            ],
            [
              44.950087629526514,
              48.59808890825346
            ],
            [
              44.949002578437835,
              48.598088432869204
            ],
            [
              44.949002759541216,
              48.59790850799708
            ],
            [
              44.9484602359342,
              48.597908266472736
            ],
            [
              44.94846005290419,
              48.59808819134335
            ],
            [
              44.948731315670116,
              48.59808831242576
            ],
            [
              44.94873095153134,
              48.59844816215154
            ],
            [
              44.94845968683876,
              48.59844804106761
            ],
            [
              44.94845986987238,
              48.5982681162083
            ],
            [
              44.94818860614493,
              48.598267994486164
            ],
            [
              44.948188790140065,
              48.59808806962197
            ],
            [
              44.94791752737776,
              48.59808794726166
            ],
            [
              44.94791808224219,
              48.59754817263749
            ],
            [
              44.947646822371624,
              48.59754804964053
            ],
            [
              44.94764719419867,
              48.59718819986438
            ],
            [
              44.948189710088506,
              48.59718844521626
            ],
            [
              44.94818989407274,
              48.59700852031817
            ],
            [
              44.94629109523349,
              48.59700765041064
            ],
            [
              44.946290904506384,
              48.59718757530326
            ],
            [
              44.945748388642585,
              48.59718732100625
            ],
            [
              44.94574858129622,
              48.59700739611523
            ],
            [
              44.94547732433043,
              48.597007268009136
            ],
            [
              44.94547674347398,
              48.59754704266284
            ],
            [
              44.94493422376849,
              48.59754678452898
            ],
            [
              44.94493461486116,
              48.597186934768736
            ],
            [
              44.94439209901652,
              48.597186674082366
            ],
            [
              44.94439229648649,
              48.59700674919541
            ],
            [
              44.94384978257618,
              48.59700648595496
            ],
            [
              44.943849981970715,
              48.596826561064
            ],
            [
              44.94357872598176,
              48.5968264284862
            ],
            [
              44.94357892633758,
              48.596646503590435
            ],
            [
              44.94303641629211,
              48.59664623651975
            ],
            [
              44.94303661857242,
              48.596466311620006
            ],
            [
              44.94249411046141,
              48.596466041995306
            ],
            [
              44.94249431466619,
              48.59628611709162
            ],
            [
              44.94168055540451,
              48.59628570786525
            ],
            [
              44.94168076249692,
              48.59610578295848
            ],
            [
              44.94303702312706,
              48.59610646180357
            ],
            [
              44.94303722540138,
              48.59592653688687
            ],
            [
              44.94357972774107,
              48.595926803950846
            ],
            [
              44.94357952739316,
              48.59610672886922
            ],
            [
              44.94385077952918,
              48.59610686144368
            ],
            [
              44.94385097891387,
              48.595926936524464
            ],
            [
              44.94412223008865,
              48.59592706845919
            ],
            [
              44.94412342057644,
              48.59484751882029
            ],
            [
              44.94358092978696,
              48.59484725432193
            ],
            [
              44.94358052911291,
              48.59520710422083
            ],
            [
              44.94276678716461,
              48.59520670267663
            ],
            [
              44.942767193617605,
              48.59484685278276
            ],
            [
              44.942495948231816,
              48.59484671765859
            ],
            [
              44.94249615241845,
              48.59466679270404
            ],
            [
              44.942224907997826,
              48.59466665694186
            ],
            [
              44.942224702848044,
              48.59484658189556
            ],
            [
              44.941953457466305,
              48.59484644549364
            ],
            [
              44.94195325135134,
              48.59502637044082
            ],
            [
              44.94141075866766,
              48.595026095718595
            ],
            [
              44.941410966708915,
              48.594846170773124
            ],
            [
              44.94113972133331,
              48.59484603245455
            ],
            [
              44.94113993033565,
              48.59466610750431
            ],
            [
              44.94141117474812,
              48.59466624582201
            ],
            [
              44.941411798853416,
              48.59412647093475
            ],
            [
              44.941683040378564,
              48.594126608610985
            ],
            [
              44.941683247446456,
              48.59394668363639
            ],
            [
              44.941954488010545,
              48.59394682067289
            ],
            [
              44.94195490021401,
              48.59358697070505
            ],
            [
              44.94168366157609,
              48.59358683367027
            ],
            [
              44.941683868637845,
              48.59340690867873
            ],
            [
              44.94087015562564,
              48.59340649374387
            ],
            [
              44.94087036557455,
              48.59322656874929
            ],
            [
              44.94059912887101,
              48.59322642916084
            ],
            [
              44.9405993397809,
              48.59304650416149
            ],
            [
              44.94114181126393,
              48.593046782697776
            ],
            [
              44.941141602280155,
              48.59322670769888
            ],
            [
              44.94195531240933,
              48.593227120714594
            ],
            [
              44.94195593068705,
              48.59268734568653
            ],
            [
              44.94222716451171,
              48.592687482078155
            ],
            [
              44.942227369637195,
              48.592507557056656
            ],
            [
              44.941956136775566,
              48.592507420665875
            ],
            [
              44.941956342862035,
              48.592327495639566
            ],
            [
              44.94168511096546,
              48.59232735861082
            ],
            [
              44.941685525058304,
              48.59196750854298
            ],
            [
              44.941956755028876,
              48.59196764557
            ],
            [
              44.94195654894647,
              48.59214757060762
            ],
            [
              44.94277024175935,
              48.59214797785832
            ],
            [
              44.94277003856394,
              48.59232790289284
            ],
            [
              44.943041270468605,
              48.59232803736627
            ],
            [
              44.943040865997816,
              48.592687887420055
            ],
            [
              44.94331209983052,
              48.592688021256336
            ],
            [
              44.943311898555166,
              48.5928679462756
            ],
            [
              44.943040663759426,
              48.59286781243846
            ],
            [
              44.943040057032285,
              48.593407587459794
            ],
            [
              44.9433112947172,
              48.59340772129944
            ],
            [
              44.9433110934339,
              48.59358764629611
            ],
            [
              44.944124809389756,
              48.59358804398446
            ],
            [
              44.944124610993725,
              48.59376796897796
            ],
            [
              44.94439585061269,
              48.593768100263866
            ],
            [
              44.9443956531778,
              48.59394802525253
            ],
            [
              44.94466689376181,
              48.5939481559004
            ],
            [
              44.94466669728808,
              48.594128080884246
            ],
            [
              44.94493793883713,
              48.59412821089404
            ],
            [
              44.94493832985646,
              48.593768360919086
            ],
            [
              44.94548080910795,
              48.59376861901887
            ],
            [
              44.94548022835469,
              48.59430839397772
            ],
            [
              44.94575147087262,
              48.594308522071735
            ],
            [
              44.945751278247506,
              48.59448844704752
            ],
            [
              44.94602252173046,
              48.594488574503465
            ],
            [
              44.94602271339245,
              48.59430864952688
            ],
            [
              44.94629395591418,
              48.59430877634315
            ],
            [
              44.94629376521531,
              48.59448870132053
            ],
            [
              44.94656500870204,
              48.59448882749873
            ],
            [
              44.94656462922493,
              48.59484867743813
            ],
            [
              44.94710712005655,
              48.59484892788105
            ],
            [
              44.94710693224149,
              48.59502885284385
            ],
            [
              44.94792067139226,
              48.59502922371891
            ],
            [
              44.94792030153559,
              48.59538907363223
            ],
            [
              44.94764905322382,
              48.59538895064455
            ],
            [
              44.947648495535546,
              48.59592872546983
            ],
            [
              44.94791974673688,
              48.59592884845983
            ],
            [
              44.947919561800326,
              48.59610877339107
            ],
            [
              44.9481908139667,
              48.59610889574293
            ],
            [
              44.94819062999154,
              48.59628882066927
            ],
            [
              44.94873313625616,
              48.59628906345778
            ],
            [
              44.94873259009921,
              48.5968288382075
            ],
            [
              44.94900384612394,
              48.59682895864566
            ],
            [
              44.949003665031285,
              48.597008883551695
            ],
            [
              44.949274922021054,
              48.59700900335167
            ],
            [
              44.94927474188988,
              48.597188928252805
            ],
            [
              44.949545999844695,
              48.5971890474146
            ],
            [
              44.94954582067502,
              48.597368972310825
            ],
            [
              44.95035959743986,
              48.59736932596482
            ],
            [
              44.95035942115828,
              48.59754925085762
            ],
            [
              44.950901940936795,
              48.59754948343371
            ],
            [
              44.950902115291804,
              48.59736955853943
            ],
            [
              44.951444633150636,
              48.59736978855829
            ],
            [
              44.951444805577374,
              48.59718986365693
            ],
            [
              44.951716063546066,
              48.59718997770723
            ],
            [
              44.95171623500784,
              48.5970100527995
            ],
            [
              44.95253000603424,
              48.597010391114644
            ],
            [
              44.95252983746227,
              48.597190316024516
            ],
            [
              44.95307235341474,
              48.59719053837469
            ],
            [
              44.95307218676766,
              48.597370463280285
            ],
            [
              44.95334344570965,
              48.597370573497656
            ],
            [
              44.953343280024214,
              48.59755049839831
            ],
            [
              44.95361453993112,
              48.59755060797744
            ],
            [
              44.95361437520734,
              48.59773053287313
            ],
            [
              44.95415689695261,
              48.5977307501159
            ],
            [
              44.9541570597498,
              48.59755082521884
            ],
            [
              44.95388579983965,
              48.59755071691762
            ],
            [
              44.953885963598516,
              48.59737079201558
            ],
            [
              44.95361470465327,
              48.59737068307609
            ],
            [
              44.95361486937379,
              48.59719075816911
            ],
            [
              44.95334361139345,
              48.59719064859136
            ],
            [
              44.95334377707562,
              48.59701072367942
            ],
            [
              44.95280126304638,
              48.59701050260852
            ],
            [
              44.95280143065342,
              48.59683057769229
            ],
            [
              44.95225891855732,
              48.59683035406706
            ],
            [
              44.952259257619424,
              48.596470504220484
            ],
            [
              44.9514454952673,
              48.59647016399496
            ],
            [
              44.95144584010205,
              48.59611031413007
            ],
            [
              44.95225959667483,
              48.59611065435133
            ],
            [
              44.95225976620002,
              48.59593072940826
            ],
            [
              44.95280226866383,
              48.59593095302647
            ],
            [
              44.95280210106506,
              48.596110877970936
            ],
            [
              44.95253084886911,
              48.596110766480585
            ],
            [
              44.952530680305465,
              48.596290691418695
            ],
            [
              44.95307318662545,
              48.59629091376188
            ],
            [
              44.95307368653214,
              48.59575113892639
            ],
            [
              44.95225993572354,
              48.59575080445956
            ],
            [
              44.952260274765564,
              48.59539095454518
            ],
            [
              44.95307401979505,
              48.595391289007814
            ],
            [
              44.95307435305137,
              48.59503143906663
            ],
            [
              44.9533455994715,
              48.595031549274985
            ],
            [
              44.95334576513404,
              48.59485162429523
            ],
            [
              44.954159501514745,
              48.594851951084934
            ],
            [
              44.954159664286216,
              48.59467202609748
            ],
            [
              44.954973397791946,
              48.5946723471352
            ],
            [
              44.95497355767241,
              48.594492422140064
            ],
            [
              44.95551604475787,
              48.59449263296947
            ],
            [
              44.95551620271051,
              48.59431270796737
            ],
            [
              44.95578744529246,
              48.59431281242311
            ],
            [
              44.955787602280424,
              48.59413288741468
            ],
            [
              44.95687256877115,
              48.59413329884634
            ],
            [
              44.95687180307852,
              48.595032923844855
            ],
            [
              44.957414295964334,
              48.59503312573381
            ],
            [
              44.957414144747595,
              48.595213050717845
            ],
            [
              44.95795663956571,
              48.59521325005251
            ],
            [
              44.95795678885612,
              48.59503332506721
            ],
            [
              44.957685542409486,
              48.59503322571995
            ],
            [
              44.957685842912184,
              48.59467337573371
            ],
            [
              44.95795708743252,
              48.594673475079716
            ],
            [
              44.95795723671851,
              48.59449355007748
            ],
            [
              44.958228480277185,
              48.59449364878399
            ],
            [
              44.958228628598576,
              48.5943137237755
            ],
            [
              44.95768614340895,
              48.59431352572486
            ],
            [
              44.957686443899775,
              48.59395367569338
            ],
            [
              44.9574152032334,
              48.59395357571102
            ],
            [
              44.957415656847786,
              48.59341380062333
            ],
            [
              44.9579581324035,
              48.593413999945454
            ],
            [
              44.95795828167917,
              48.59323407490367
            ],
            [
              44.95850075531463,
              48.59323427166915
            ],
            [
              44.95850060796509,
              48.59341419671217
            ],
            [
              44.959043083532514,
              48.59341439092346
            ],
            [
              44.95904322895591,
              48.59323446587923
            ],
            [
              44.95931446577872,
              48.59323456202599
            ],
            [
              44.95931475469511,
              48.59287471191934
            ],
            [
              44.95904351979842,
              48.59287461577379
            ],
            [
              44.959043374377885,
              48.59305454082933
            ],
            [
              44.958772138519585,
              48.59305444404432
            ],
            [
              44.95877228490316,
              48.59287451898939
            ],
            [
              44.958229815116994,
              48.59287432350406
            ],
            [
              44.95823011173195,
              48.5925144733797
            ],
            [
              44.95795887876713,
              48.59251437468003
            ],
            [
              44.95795932656763,
              48.59197459945296
            ],
            [
              44.957688096493314,
              48.59197450011633
            ],
            [
              44.957688396945585,
              48.591614649937945
            ],
            [
              44.95741716879873,
              48.59161454996375
            ],
            [
              44.95741731998561,
              48.59143462486671
            ],
            [
              44.95687486562232,
              48.591434423003136
            ],
            [
              44.95687517184346,
              48.59107457279465
            ],
            [
              44.956603946589986,
              48.59107447090594
            ],
            [
              44.956604100661224,
              48.59089454579385
            ],
            [
              44.95633287637223,
              48.590894443266976
            ],
            [
              44.95633303140488,
              48.5907145181499
            ],
            [
              44.95606180808035,
              48.59071441498489
            ],
            [
              44.9560619640744,
              48.5905344898628
            ],
            [
              44.955790741714324,
              48.59053438605963
            ],
            [
              44.955790898669754,
              48.590354460932545
            ],
            [
              44.95551967727415,
              48.59035435649126
            ],
            [
              44.95552125637185,
              48.58855510491617
            ],
            [
              44.955792468138824,
              48.5885552093509
            ],
            [
              44.95579231119889,
              48.588735134534495
            ],
            [
              44.95606352393023,
              48.588735238331125
            ],
            [
              44.95606336795158,
              48.58891516350972
            ],
            [
              44.95660579534454,
              48.58891536918803
            ],
            [
              44.95660564129002,
              48.589095294362274
            ],
            [
              44.95741928527935,
              48.589095598091006
            ],
            [
              44.95741943644534,
              48.58891567291486
            ],
            [
              44.95769065014861,
              48.58891577287963
            ],
            [
              44.95769049994546,
              48.589095698056404
            ],
            [
              44.95796171461304,
              48.58909579738305
            ],
            [
              44.95796186385336,
              48.588915872205654
            ],
            [
              44.95823307755959,
              48.58891597089291
            ],
            [
              44.9582332258356,
              48.58873604570923
            ],
            [
              44.96040292783463,
              48.58873681220747
            ],
            [
              44.96040278726125,
              48.58891673739598
            ],
            [
              44.96013157354359,
              48.58891664381873
            ],
            [
              44.960131432005994,
              48.58909656900097
            ],
            [
              44.959860217326884,
              48.58909647478438
            ],
            [
              44.95986007482504,
              48.58927639996038
            ],
            [
              44.959046427907644,
              48.58927611347626
            ],
            [
              44.95904628251582,
              48.589456038644826
            ],
            [
              44.959588715718375,
              48.5894562302742
            ],
            [
              44.95958857225085,
              48.58963615543832
            ],
            [
              44.95985978981713,
              48.589636250295456
            ],
            [
              44.959858934759644,
              48.59071580116505
            ],
            [
              44.96013015810475,
              48.59071589538697
            ],
            [
              44.960129875000206,
              48.591075745632814
            ],
            [
              44.96040110027258,
              48.591075839217126
            ],
            [
              44.96040095968117,
              48.59125576433216
            ],
            [
              44.96067218591788,
              48.59125585727825
            ],
            [
              44.96067190665684,
              48.59161570749254
            ],
            [
              44.960943134820866,
              48.591615799800984
            ],
            [
              44.96094285748028,
              48.591975649993834
            ],
            [
              44.961214087571655,
              48.591975741664626
            ],
            [
              44.961213949862305,
              48.59215566675314
            ],
            [
              44.96148518091805,
              48.59215575778569
            ],
            [
              44.96148504417035,
              48.59233568286914
            ],
            [
              44.96175627619044,
              48.592335773263414
            ],
            [
              44.96175586882836,
              48.592875548481544
            ],
            [
              44.96148463391918,
              48.59287545808556
            ],
            [
              44.96148436041165,
              48.593235308201585
            ],
            [
              44.96175559724694,
              48.59323539859872
            ],
            [
              44.96175532566016,
              48.59359524869328
            ],
            [
              44.96148408689872,
              48.59359515829502
            ],
            [
              44.96148395014023,
              48.593775083333256
            ],
            [
              44.96175518986475,
              48.5937751737321
            ],
            [
              44.961755054068014,
              48.593955098765235
            ],
            [
              44.962026294756974,
              48.59395518852578
            ],
            [
              44.96202656442293,
              48.59359533845269
            ],
            [
              44.96229780318704,
              48.593595427573234
            ],
            [
              44.96229766931781,
              48.59377535261319
            ],
            [
              44.962568909046325,
              48.59377544109544
            ],
            [
              44.96256877613887,
              48.59395536613027
            ],
            [
              44.9628400168318,
              48.59395545397422
            ],
            [
              44.962839884886144,
              48.59413537900395
            ],
            [
              44.9633823682021,
              48.594135552776336
            ],
            [
              44.96338184811148,
              48.59485525284316
            ],
            [
              44.96365309362391,
              48.594855338773215
            ],
            [
              44.963652964561206,
              48.59503526377634
            ],
            [
              44.96392421103806,
              48.595035349068034
            ],
            [
              44.96392408293724,
              48.59521527406605
            ],
            [
              44.96419533037853,
              48.5952153587194
            ],
            [
              44.96419507609945,
              48.59557520869951
            ],
            [
              44.963923826731815,
              48.5955751240451
            ],
            [
              44.963923570521324,
              48.59593497400155
            ],
            [
              44.96365231922855,
              48.59593488870717
            ],
            [
              44.96365206108657,
              48.59629473863995
            ],
            [
              44.963380807868646,
              48.59629465270557
            ],
            [
              44.963380937903494,
              48.59611472774256
            ],
            [
              44.96256718114711,
              48.596114466107565
            ],
            [
              44.962567579912765,
              48.59557469118952
            ],
            [
              44.96202508119426,
              48.595574513574974
            ],
            [
              44.96202481149902,
              48.59593436352377
            ],
            [
              44.961482308933064,
              48.59593418335135
            ],
            [
              44.96148258248109,
              48.595574333404834
            ],
            [
              44.961753831837,
              48.59557442380936
            ],
            [
              44.961754239259406,
              48.595034648845505
            ],
            [
              44.961211746327955,
              48.59503446740099
            ],
            [
              44.961211608595505,
              48.59521439239346
            ],
            [
              44.960940361168646,
              48.59521430071229
            ],
            [
              44.96094022247167,
              48.59539422569851
            ],
            [
              44.960668974083006,
              48.59539413337787
            ],
            [
              44.96066869475856,
              48.59575398333224
            ],
            [
              44.960939945073584,
              48.59575407565404
            ],
            [
              44.9609398063725,
              48.59593400062331
            ],
            [
              44.960668555094266,
              48.59593390830093
            ],
            [
              44.96066841542859,
              48.596113833263985
            ],
            [
              44.96093966767003,
              48.59611392558695
            ],
            [
              44.960939390261004,
              48.59647377549725
            ],
            [
              44.961753152772864,
              48.59647404863611
            ],
            [
              44.961752881137826,
              48.596833898527244
            ],
            [
              44.96202413723762,
              48.59683398829682
            ],
            [
              44.96202400238135,
              48.59701391323449
            ],
            [
              44.962566516511444,
              48.59701409085796
            ],
            [
              44.96256638358038,
              48.59719401579109
            ],
            [
              44.962837641610676,
              48.59719410364498
            ],
            [
              44.96283750964157,
              48.59737402857299
            ],
            [
              44.96419380462876,
              48.597374458261086
            ],
            [
              44.96419367747479,
              48.597554383186186
            ],
            [
              44.96392241751152,
              48.597554298525914
            ],
            [
              44.96392228939299,
              48.59773422344481
            ],
            [
              44.963108506620905,
              48.59773396562871
            ],
            [
              44.9631083756112,
              48.59791389054033
            ],
            [
              44.962294589960834,
              48.59791362697204
            ],
            [
              44.96229445605989,
              48.59809355187635
            ],
            [
              44.962836981752126,
              48.598093728228605
            ],
            [
              44.96283684977651,
              48.59827365312837
            ],
            [
              44.96310811358791,
              48.59827374034662
            ],
            [
              44.96310798257432,
              48.5984536652413
            ],
            [
              44.96365051212767,
              48.598453837761994
            ],
            [
              44.96365038303947,
              48.598633762652106
            ],
            [
              44.9641929145246,
              48.59863393261801
            ],
            [
              44.964192787361846,
              48.59881385750352
            ],
            [
              44.96473532077869,
              48.598814024914596
            ],
            [
              44.96473519554141,
              48.59899394979553
            ],
            [
              44.96500646321506,
              48.59899403254312
            ],
            [
              44.96500633893991,
              48.59917395741893
            ],
            [
              44.965548876217625,
              48.59917412099822
            ],
            [
              44.965548753868006,
              48.59935404586939
            ],
            [
              44.96582002347207,
              48.599354126701066
            ],
            [
              44.96581990208463,
              48.59953405156711
            ],
            [
              44.96636244322312,
              48.59953421131451
            ],
            [
              44.966362323761295,
              48.599714136175905
            ],
            [
              44.966633595295704,
              48.59971421509162
            ],
            [
              44.96663347679611,
              48.59989413994786
            ],
            [
              44.96690474929511,
              48.599894218225074
            ],
            [
              44.966904631757764,
              48.60007414307616
            ],
            [
              44.96717590522134,
              48.60007422071486
            ],
            [
              44.96717578864627,
              48.60025414556078
            ],
            [
              44.967447063074424,
              48.600254222560956
            ],
            [
              44.96744694746163,
              48.600434147401714
            ],
            [
              44.967989498248244,
              48.60043429948603
            ],
            [
              44.96798927087306,
              48.60079414915249
            ],
            [
              44.96826054819496,
              48.60079422423708
            ],
            [
              44.968260435469155,
              48.60097414906231
            ],
            [
              44.96880299204322,
              48.600974297315375
            ],
            [
              44.968802881243256,
              48.60115422213589
            ],
            [
              44.9690741604954,
              48.60115429530435
            ],
            [
              44.96907405065784,
              48.60133422011965
            ],
            [
              44.96934533087456,
              48.60133429264955
            ],
            [
              44.969345221999404,
              48.60151421745966
            ],
            [
              44.9696165031807,
              48.60151428935098
            ],
            [
              44.96961639526797,
              48.601694214155906
            ],
            [
              44.96988767741384,
              48.601694285408634
            ],
            [
              44.96988757046356,
              48.60187421020835
            ],
            [
              44.97070141979801,
              48.601874420133626
            ],
            [
              44.970701523857734,
              48.60169449533258
            ],
            [
              44.97097280600777,
              48.60169456402915
            ],
            [
              44.97097290910297,
              48.60151463922203
            ],
            [
              44.971515471479066,
              48.601514774697215
            ],
            [
              44.971515572646254,
              48.60133484988359
            ],
            [
              44.97205813309935,
              48.601334982801795
            ],
            [
              44.97205823233857,
              48.60115505798169
            ],
            [
              44.97287207013508,
              48.601155252565064
            ],
            [
              44.97287216648288,
              48.60097532773807
            ],
            [
              44.97341472309171,
              48.60097545426439
            ],
            [
              44.973414817511625,
              48.60079552943097
            ],
            [
              44.97422864954142,
              48.600795714426624
            ],
            [
              44.97422874107003,
              48.60061578958637
            ],
            [
              44.97477129383417,
              48.60061590972098
            ],
            [
              44.974771383434984,
              48.60043598487432
            ],
            [
              44.97585648512002,
              48.60043621747389
            ],
            [
              44.97585657086618,
              48.600256292620124
            ],
            [
              44.978840589970204,
              48.60025687954695
            ],
            [
              44.97884066511779,
              48.60007695468385
            ],
            [
              44.97965448563561,
              48.60007710133476
            ],
            [
              44.97965441337832,
              48.600257026198776
            ],
            [
              44.97992568784913,
              48.60025707380471
            ],
            [
              44.97992575914299,
              48.600077148940386
            ],
            [
              44.980197032651084,
              48.60007719590701
            ],
            [
              44.98019696232065,
              48.60025712077164
            ],
            [
              44.98046823679286,
              48.600257167099564
            ],
            [
              44.98046830615986,
              48.60007724223465
            ],
            [
              44.98155340020173,
              48.60007742115515
            ],
            [
              44.98155346571436,
              48.59989749628346
            ],
            [
              44.982909828464074,
              48.59989770555523
            ],
            [
              44.98290970707242,
              48.6002575552956
            ],
            [
              44.98263843259439,
              48.60025751471873
            ],
            [
              44.982638370934225,
              48.600437439580176
            ],
            [
              44.982367095493366,
              48.60043739836404
            ],
            [
              44.9823669702443,
              48.60079724806948
            ],
            [
              44.982638247612066,
              48.60079728928614
            ],
            [
              44.98263818595007,
              48.600977214130644
            ],
            [
              44.982909464281924,
              48.600977254708525
            ],
            [
              44.98290928218276,
              48.60151702920889
            ],
            [
              44.98318056340567,
              48.60151706914852
            ],
            [
              44.98318050366826,
              48.601696993970926
            ],
            [
              44.98290922148184,
              48.601696954031055
            ],
            [
              44.98290903937548,
              48.602236728463616
            ],
            [
              44.982095184148136,
              48.60223660480743
            ],
            [
              44.98209524774147,
              48.60205668000301
            ],
            [
              44.98128139541038,
              48.602056550596195
            ],
            [
              44.98128132892645,
              48.6022364753998
            ],
            [
              44.98101004385385,
              48.60223643098583
            ],
            [
              44.98100997640572,
              48.60241635578352
            ],
            [
              44.98019611830133,
              48.60241621870642
            ],
            [
              44.980196047961876,
              48.60259614349761
            ],
            [
              44.97938218697307,
              48.60259600066812
            ],
            [
              44.979382113742226,
              48.60277592545274
            ],
            [
              44.97965340170135,
              48.60277597370193
            ],
            [
              44.97965332943336,
              48.602955898481206
            ],
            [
              44.97992461835677,
              48.602955946091626
            ],
            [
              44.97992468966118,
              48.60277602131206
            ],
            [
              44.98100984150747,
              48.602776205361934
            ],
            [
              44.98100990895693,
              48.60259628057555
            ],
            [
              44.981281195956626,
              48.60259632499009
            ],
            [
              44.98128126244186,
              48.602416400197775
            ],
            [
              44.982366406592895,
              48.60241657146425
            ],
            [
              44.98236628133023,
              48.60277642104538
            ],
            [
              44.982094993364406,
              48.60277637918682
            ],
            [
              44.98209505695961,
              48.60259645439935
            ],
            [
              44.98182376995797,
              48.602596411901985
            ],
            [
              44.98182370539921,
              48.602776336689196
            ],
            [
              44.98155241743464,
              48.602776293552495
            ],
            [
              44.98155228638803,
              48.60313614310943
            ],
            [
              44.98128099649696,
              48.60313609933312
            ],
            [
              44.9812809300091,
              48.60331602410283
            ],
            [
              44.98182351171907,
              48.603316111016916
            ],
            [
              44.98182344715775,
              48.60349603578153
            ],
            [
              44.981552155338846,
              48.60349599264376
            ],
            [
              44.981551827704536,
              48.60439561638069
            ],
            [
              44.981280531068116,
              48.60439557260246
            ],
            [
              44.98128026509434,
              48.605115271489204
            ],
            [
              44.98155156558545,
              48.60511531526855
            ],
            [
              44.98155150005405,
              48.60529523997637
            ],
            [
              44.98128019859925,
              48.605295196196764
            ],
            [
              44.98127993261234,
              48.606014894970514
            ],
            [
              44.98100862730331,
              48.60601485055067
            ],
            [
              44.981008492378415,
              48.606374699903085
            ],
            [
              44.98073718514256,
              48.60637465484354
            ],
            [
              44.98073691142967,
              48.60709435347942
            ],
            [
              44.98046560033937,
              48.60709430777959
            ],
            [
              44.98046539215618,
              48.60763408169632
            ],
            [
              44.98073670613791,
              48.60763412739703
            ],
            [
              44.980736637705974,
              48.60781405202492
            ],
            [
              44.981007952652206,
              48.60781409708673
            ],
            [
              44.98100788518343,
              48.60799402170925
            ],
            [
              44.98073656927336,
              48.607993976647165
            ],
            [
              44.980736500840074,
              48.60817390126376
            ],
            [
              44.981007817713994,
              48.60817394632613
            ],
            [
              44.98100768277312,
              48.608533795542954
            ],
            [
              44.98127900157543,
              48.6085338399667
            ],
            [
              44.98127893506787,
              48.608713764566915
            ],
            [
              44.98100761530168,
              48.60871372014288
            ],
            [
              44.98100754782957,
              48.608893644737165
            ],
            [
              44.981278868559656,
              48.60889368916148
            ],
            [
              44.98127873554125,
              48.60925353833364
            ],
            [
              44.97992212225859,
              48.60925330981722
            ],
            [
              44.97992205092883,
              48.60943323439339
            ],
            [
              44.97965072731046,
              48.60943318677219
            ],
            [
              44.97965065501606,
              48.60961311134242
            ],
            [
              44.97937933043448,
              48.609613063081696
            ],
            [
              44.97937925717544,
              48.60979298764597
            ],
            [
              44.978565280543265,
              48.60979283902759
            ],
            [
              44.978565204391664,
              48.60997276358528
            ],
            [
              44.977751224874424,
              48.60997260921296
            ],
            [
              44.97775114583021,
              48.610152533764015
            ],
            [
              44.977479818362056,
              48.610152481027804
            ],
            [
              44.977479658343356,
              48.610512330112336
            ],
            [
              44.978293646533956,
              48.61051248640526
            ],
            [
              44.97829372365178,
              48.61033256186484
            ],
            [
              44.978836380521386,
              48.61033266286332
            ],
            [
              44.97883645571053,
              48.61015273831662
            ],
            [
              44.9796504381286,
              48.61015288501918
            ],
            [
              44.97965051042513,
              48.60997296046592
            ],
            [
              44.979921836935304,
              48.60997300808802
            ],
            [
              44.97992190826719,
              48.60979308352879
            ],
            [
              44.98100721045906,
              48.609793267623814
            ],
            [
              44.981007277934495,
              48.60961334305778
            ],
            [
              44.98154992710659,
              48.60961343126942
            ],
            [
              44.98154986155903,
              48.60979335583601
            ],
            [
              44.98182118710999,
              48.60979339898329
            ],
            [
              44.98182105794082,
              48.61015324810005
            ],
            [
              44.980735748029296,
              48.61015307167344
            ],
            [
              44.98073561114583,
              48.61051292076538
            ],
            [
              44.97965029353338,
              48.61051273410879
            ],
            [
              44.97965022123471,
              48.6106926586451
            ],
            [
              44.979107560504765,
              48.61069256148078
            ],
            [
              44.97910748627739,
              48.610872486010855
            ],
            [
              44.97883615494952,
              48.61087243646953
            ],
            [
              44.978836079757414,
              48.611052360993625
            ],
            [
              44.9780220828863,
              48.61105220853322
            ],
            [
              44.97802200480142,
              48.61123213305071
            ],
            [
              44.97775067154856,
              48.61123208095175
            ],
            [
              44.977750513448434,
              48.61159192996913
            ],
            [
              44.977207843088976,
              48.611591823852145
            ],
            [
              44.977207762109664,
              48.61177174835169
            ],
            [
              44.976665089825325,
              48.611771639676974
            ],
            [
              44.976665006917116,
              48.61195156417019
            ],
            [
              44.97612233270796,
              48.611951452937724
            ],
            [
              44.97612224787081,
              48.61213137742458
            ],
            [
              44.97585090980343,
              48.612131320849095
            ],
            [
              44.97585082400138,
              48.61231124532996
            ],
            [
              44.975579484970766,
              48.61231118811482
            ],
            [
              44.9755793982038,
              48.61249111258968
            ],
            [
              44.97530805820997,
              48.61249105473491
            ],
            [
              44.97530788274527,
              48.612850903666946
            ],
            [
              44.97503654082412,
              48.61285084517217
            ],
            [
              44.97503636342774,
              48.61321069408085
            ],
            [
              44.974765019579245,
              48.61321063494604
            ],
            [
              44.974764929915615,
              48.61339055939153
            ],
            [
              44.974493585103886,
              48.61339049961707
            ],
            [
              44.97449349447524,
              48.61357042405653
            ],
            [
              44.974222148700264,
              48.613570363642374
            ],
            [
              44.97422196551199,
              48.613930212503604
            ],
            [
              44.97395061780962,
              48.61393015144939
            ],
            [
              44.97395052524996,
              48.61411007587114
            ],
            [
              44.973679176584355,
              48.614110014177214
            ],
            [
              44.97367908305961,
              48.61428993859294
            ],
            [
              44.97340773343075,
              48.614289876259306
            ],
            [
              44.973407544450104,
              48.614649725073
            ],
            [
              44.973136192893804,
              48.61464966209926
            ],
            [
              44.97313628834878,
              48.61446973769562
            ],
            [
              44.97259358716741,
              48.614469609830955
            ],
            [
              44.97259339239972,
              48.61482945863097
            ],
            [
              44.97205068736541,
              48.61482932820737
            ],
            [
              44.97205058805171,
              48.61500925259807
            ],
            [
              44.971779234571805,
              48.61500918642685
            ],
            [
              44.97177943512665,
              48.614649337640635
            ],
            [
              44.97123673202664,
              48.614649203381894
            ],
            [
              44.97123662982132,
              48.61482912777699
            ],
            [
              44.97096527730863,
              48.614829059688205
            ],
            [
              44.97096517413808,
              48.61500898407721
            ],
            [
              44.971236527614984,
              48.615009052166435
            ],
            [
              44.97123642540764,
              48.61518897655023
            ],
            [
              44.97096507096652,
              48.61518890846058
            ],
            [
              44.97096496779394,
              48.6153688328383
            ],
            [
              44.9706936123896,
              48.61536876410889
            ],
            [
              44.97069350825177,
              48.61554868848052
            ],
            [
              44.97042215188422,
              48.61554861911132
            ],
            [
              44.9704220467811,
              48.61572854347688
            ],
            [
              44.97015068945035,
              48.6157284734679
            ],
            [
              44.97015047731248,
              48.616088322181156
            ],
            [
              44.969879118054244,
              48.616088251531934
            ],
            [
              44.969879011019465,
              48.61626817587965
            ],
            [
              44.96960765079801,
              48.61626810459062
            ],
            [
              44.96960754279789,
              48.61644802893224
            ],
            [
              44.96987890398362,
              48.61644810022171
            ],
            [
              44.96987879694673,
              48.616628024558125
            ],
            [
              44.96933607264773,
              48.6166278813389
            ],
            [
              44.96933629057763,
              48.61626803266222
            ],
            [
              44.969064930358314,
              48.61626796009447
            ],
            [
              44.96906449063701,
              48.6169876574234
            ],
            [
              44.96879312656158,
              48.616987584214435
            ],
            [
              44.96879301566422,
              48.61716750853207
            ],
            [
              44.96852165062556,
              48.61716743468327
            ],
            [
              44.96852153876277,
              48.61734735899479
            ],
            [
              44.96825017276088,
              48.61734728450615
            ],
            [
              44.968250059932636,
              48.617527208811566
            ],
            [
              44.96797869296753,
              48.61752713368304
            ]
          ],
          [
            [
              44.9728658054873,
              48.612850354199644
            ],
            [
              44.973137147401175,
              48.612850417808716
            ],
            [
              44.97313791093921,
              48.61141102196949
            ],
            [
              44.973680579344766,
              48.61141114726346
            ],
            [
              44.97368067285474,
              48.61123122275733
            ],
            [
              44.97395200609488,
              48.61123128444505
            ],
            [
              44.97395209863993,
              48.611051359932894
            ],
            [
              44.97530876003413,
              48.611051658780845
            ],
            [
              44.97530884775825,
              48.61087173426116
            ],
            [
              44.97476618512591,
              48.610871616640466
            ],
            [
              44.974766364427495,
              48.61051176758563
            ],
            [
              44.97503769381526,
              48.61051182671485
            ],
            [
              44.975037782500756,
              48.61033190217858
            ],
            [
              44.97449512565406,
              48.61033178328164
            ],
            [
              44.97449539748902,
              48.60979200964118
            ],
            [
              44.97422407195887,
              48.609791949235
            ],
            [
              44.97422425510556,
              48.60943210011388
            ],
            [
              44.97395293150417,
              48.60943203906925
            ],
            [
              44.97395302404008,
              48.6092521145006
            ],
            [
              44.97368170140353,
              48.60925205281715
            ],
            [
              44.97368132739871,
              48.60997175105633
            ],
            [
              44.97395265389098,
              48.609971812741314
            ],
            [
              44.973952376269565,
              48.61051158636254
            ],
            [
              44.973409717502165,
              48.61051146235097
            ],
            [
              44.9734096230319,
              48.61069138687929
            ],
            [
              44.97286696234026,
              48.61069126030999
            ],
            [
              44.972866865941086,
              48.61087118483188
            ],
            [
              44.97232420332528,
              48.6108710557048
            ],
            [
              44.97232410499714,
              48.61105098022022
            ],
            [
              44.972052772726684,
              48.611050914697415
            ],
            [
              44.97205287201882,
              48.61087099018241
            ],
            [
              44.97178154071335,
              48.610870924020766
            ],
            [
              44.97178134020009,
              48.611230773044284
            ],
            [
              44.9715100069676,
              48.611230706242566
            ],
            [
              44.97151010818873,
              48.61105078173404
            ],
            [
              44.97123877592124,
              48.611050714293505
            ],
            [
              44.97123857154995,
              48.61141056330405
            ],
            [
              44.97205257413948,
              48.61141076371048
            ],
            [
              44.97205247484441,
              48.611590688208516
            ],
            [
              44.97259514517041,
              48.61159081861735
            ],
            [
              44.972594950433496,
              48.61195066759816
            ],
            [
              44.97286628752603,
              48.6119507318445
            ],
            [
              44.9728658054873,
              48.612850354199644
            ]
          ],
          [
            [
              44.96690028206025,
              48.606731358593834
            ],
            [
              44.96717159117706,
              48.6067314362506
            ],
            [
              44.96717170779357,
              48.6065515116081
            ],
            [
              44.967443015947765,
              48.60655158862524
            ],
            [
              44.96744313159936,
              48.606371663976596
            ],
            [
              44.967714438790935,
              48.60637174035411
            ],
            [
              44.9677143241031,
              48.60655166500323
            ],
            [
              44.96798563225956,
              48.60655174074208
            ],
            [
              44.96798574598363,
              48.60637181609249
            ],
            [
              44.96825705317746,
              48.60637189119171
            ],
            [
              44.968257165936656,
              48.60619196653599
            ],
            [
              44.96879977840013,
              48.60619211481609
            ],
            [
              44.96880011088864,
              48.605652340812235
            ],
            [
              44.96852880754755,
              48.605652266993154
            ],
            [
              44.968528919338574,
              48.605472342314364
            ],
            [
              44.96825761696231,
              48.60547226785662
            ],
            [
              44.96825772971594,
              48.60529234317265
            ],
            [
              44.967986428304485,
              48.605292268076255
            ],
            [
              44.967986542020704,
              48.60511234338711
            ],
            [
              44.967715241574076,
              48.60511226765207
            ],
            [
              44.967715356252846,
              48.60493234295775
            ],
            [
              44.9663588588553,
              48.604931954698294
            ],
            [
              44.96635873935809,
              48.60511187939017
            ],
            [
              44.96663003979897,
              48.60511195832078
            ],
            [
              44.96662980272841,
              48.60547180768858
            ],
            [
              44.96635850036013,
              48.60547172875698
            ],
            [
              44.96635838085938,
              48.605651653431906
            ],
            [
              44.96608707752858,
              48.60565157386069
            ],
            [
              44.96608695706292,
              48.60583149852947
            ],
            [
              44.966358261357456,
              48.60583157810119
            ],
            [
              44.96635790284459,
              48.60637135207512
            ],
            [
              44.96662921003154,
              48.6063714310092
            ],
            [
              44.966629091488656,
              48.60655135565638
            ],
            [
              44.96690039964054,
              48.606551433951815
            ],
            [
              44.96690028206025,
              48.606731358593834
            ]
          ],
          [
            [
              44.9503507812286,
              48.606365563683056
            ],
            [
              44.95089339543245,
              48.606365796330806
            ],
            [
              44.95089356987182,
              48.606185871713414
            ],
            [
              44.95143618215506,
              48.60618610180316
            ],
            [
              44.95143738969043,
              48.60492662931311
            ],
            [
              44.95170868908861,
              48.60492674339426
            ],
            [
              44.95170886062318,
              48.60474681872949
            ],
            [
              44.95143756218868,
              48.60474670464907
            ],
            [
              44.951437734685214,
              48.604566779979386
            ],
            [
              44.95089513974867,
              48.60456654990265
            ],
            [
              44.95089548859124,
              48.60420670054921
            ],
            [
              44.95035289751619,
              48.604206467919
            ],
            [
              44.950353073862175,
              48.60402654323528
            ],
            [
              44.95008177929089,
              48.604026425962275
            ],
            [
              44.950081601981275,
              48.604206350645256
            ],
            [
              44.94981030644811,
              48.60420623273242
            ],
            [
              44.949809771617765,
              48.60474600674528
            ],
            [
              44.94953847319539,
              48.60474588819112
            ],
            [
              44.949537756208876,
              48.605465586792846
            ],
            [
              44.94980905848602,
              48.605465705349985
            ],
            [
              44.94980852361872,
              48.60600547924419
            ],
            [
              44.95007982878879,
              48.60600559716443
            ],
            [
              44.950079651459916,
              48.60618552178527
            ],
            [
              44.95035095759548,
              48.606185639067114
            ],
            [
              44.9503507812286,
              48.606365563683056
            ]
          ],
          [
            [
              44.95876262048675,
              48.60474956049457
            ],
            [
              44.959033918963634,
              48.604749657319154
            ],
            [
              44.9590340644775,
              48.60456973263091
            ],
            [
              44.95957665950824,
              48.604569924361535
            ],
            [
              44.95957680309335,
              48.604389999666424
            ],
            [
              44.95984809964719,
              48.60439009457249
            ],
            [
              44.95984838488589,
              48.60403024516411
            ],
            [
              44.95957709025933,
              48.604030150259234
            ],
            [
              44.9595772338402,
              48.603850225547156
            ],
            [
              44.95930594017869,
              48.6038501300038
            ],
            [
              44.95930608472176,
              48.60367020528669
            ],
            [
              44.95957737741965,
              48.60367030082944
            ],
            [
              44.95957766457428,
              48.60331045137706
            ],
            [
              44.958763792266545,
              48.603310162835164
            ],
            [
              44.95876408519703,
              48.602950313363806
            ],
            [
              44.9582215075201,
              48.60295011780964
            ],
            [
              44.958221359128416,
              48.60313004254691
            ],
            [
              44.95795006932856,
              48.603129943810615
            ],
            [
              44.95794962125391,
              48.60366971798666
            ],
            [
              44.95740703587703,
              48.60366951859308
            ],
            [
              44.957406884588636,
              48.603849443305876
            ],
            [
              44.957135590938805,
              48.60384934264983
            ],
            [
              44.95713543868528,
              48.604029267356346
            ],
            [
              44.95740673329873,
              48.60402936801302
            ],
            [
              44.957406582007344,
              48.604209292714515
            ],
            [
              44.957949173166,
              48.60420949211185
            ],
            [
              44.95794902380041,
              48.60438941680897
            ],
            [
              44.958762913440374,
              48.604389711113626
            ],
            [
              44.95876262048675,
              48.60474956049457
            ]
          ],
          [
            [
              44.964188844693645,
              48.60439152615226
            ],
            [
              44.96446014127012,
              48.60439161019366
            ],
            [
              44.96446026750816,
              48.604211685482774
            ],
            [
              44.964731563122236,
              48.60421176888455
            ],
            [
              44.96473168839538,
              48.60403184416748
            ],
            [
              44.96500298304706,
              48.60403192692965
            ],
            [
              44.96500310735534,
              48.6038520022064
            ],
            [
              44.96473181366729,
              48.603851919444764
            ],
            [
              44.964732314742555,
              48.603132220497386
            ],
            [
              44.96446102491017,
              48.60313213709875
            ],
            [
              44.96446127736754,
              48.6027722875922
            ],
            [
              44.96418998946355,
              48.60277220355555
            ],
            [
              44.96419011665393,
              48.602592278794354
            ],
            [
              44.96391882971476,
              48.60259219411917
            ],
            [
              44.96391895786743,
              48.602412269352826
            ],
            [
              44.963647671893085,
              48.60241218403912
            ],
            [
              44.96364780100804,
              48.60223225926768
            ],
            [
              44.962562660977646,
              48.602231911624536
            ],
            [
              44.96256252800851,
              48.60241183639379
            ],
            [
              44.96201995607407,
              48.6024116587368
            ],
            [
              44.96201968627764,
              48.602771508256154
            ],
            [
              44.962290974171324,
              48.60277159740529
            ],
            [
              44.96229084023468,
              48.60295152215705
            ],
            [
              44.96201955137743,
              48.60295143300735
            ],
            [
              44.96201914666881,
              48.603491207227044
            ],
            [
              44.96229043841683,
              48.603491296378415
            ],
            [
              44.9622903044749,
              48.60367122110757
            ],
            [
              44.962832889902124,
              48.60367139749422
            ],
            [
              44.96283275788612,
              48.60385132221882
            ],
            [
              44.96337534524579,
              48.60385149605023
            ],
            [
              44.963375215155736,
              48.6040314207703
            ],
            [
              44.96364650980114,
              48.60403150672791
            ],
            [
              44.96364638067343,
              48.60421143144285
            ],
            [
              44.964188971895325,
              48.60421160144189
            ],
            [
              44.964188844693645,
              48.60439152615226
            ]
          ],
          [
            [
              44.97015768765056,
              48.6038534532514
            ],
            [
              44.97232803736534,
              48.60385399519645
            ],
            [
              44.97232813565465,
              48.60367407045502
            ],
            [
              44.972599428409836,
              48.60367413532186
            ],
            [
              44.97259933108415,
              48.603854060063696
            ],
            [
              44.97287062480392,
              48.60385412429185
            ],
            [
              44.97287072116599,
              48.60367419954962
            ],
            [
              44.97341330668114,
              48.60367432608787
            ],
            [
              44.973413212246314,
              48.60385425083091
            ],
            [
              44.974769680868434,
              48.60385455599454
            ],
            [
              44.97476977048517,
              48.603674631249596
            ],
            [
              44.97504106324866,
              48.60367469036469
            ],
            [
              44.97504097459556,
              48.60385461511001
            ],
            [
              44.975312268323556,
              48.6038546735864
            ],
            [
              44.975312356013035,
              48.60367474884071
            ],
            [
              44.97585494154437,
              48.6036748638755
            ],
            [
              44.97585502730577,
              48.603494939123436
            ],
            [
              44.9761263191091,
              48.60349499568184
            ],
            [
              44.97612640390605,
              48.603315070923784
            ],
            [
              44.976397694746616,
              48.60331512684276
            ],
            [
              44.976397778579134,
              48.6031352020787
            ],
            [
              44.97666906845694,
              48.60313525735827
            ],
            [
              44.976669151325055,
              48.60295533258819
            ],
            [
              44.97612657349744,
              48.6029552213907
            ],
            [
              44.976126658291875,
              48.602775296615675
            ],
            [
              44.9763979462417,
              48.602775352533605
            ],
            [
              44.97639819772933,
              48.60223557817359
            ],
            [
              44.97585562761186,
              48.602235465700794
            ],
            [
              44.97585571336648,
              48.602055540903535
            ],
            [
              44.97504186108724,
              48.60205536740255
            ],
            [
              44.9750419497316,
              48.60187544260072
            ],
            [
              44.97395681722568,
              48.60187520232095
            ],
            [
              44.97395672472722,
              48.60205512712126
            ],
            [
              44.97368544063947,
              48.60205506545332
            ],
            [
              44.97368534717657,
              48.6022349902476
            ],
            [
              44.97341406212621,
              48.60223492794023
            ],
            [
              44.97341387327053,
              48.602594777511044
            ],
            [
              44.972871299318435,
              48.60259465097757
            ],
            [
              44.97287120296207,
              48.60277457575369
            ],
            [
              44.9712434753475,
              48.602774180813356
            ],
            [
              44.97124357748524,
              48.602594256039716
            ],
            [
              44.97015842961649,
              48.60259397996666
            ],
            [
              44.97015853560743,
              48.60241405518908
            ],
            [
              44.96907339160964,
              48.60241376889291
            ],
            [
              44.96907350145372,
              48.602233844111495
            ],
            [
              44.96853093138837,
              48.60223369713
            ],
            [
              44.968531043158436,
              48.602053772343865
            ],
            [
              44.96825975909095,
              48.60205369789501
            ],
            [
              44.968259984554805,
              48.60169384830672
            ],
            [
              44.96798870241547,
              48.601693773219765
            ],
            [
              44.96798858872059,
              48.60187369801626
            ],
            [
              44.967717305618855,
              48.6018736222898
            ],
            [
              44.96771742027725,
              48.60169369749377
            ],
            [
              44.96744613814018,
              48.601693621128746
            ],
            [
              44.967446253760954,
              48.601513696327544
            ],
            [
              44.966903691417244,
              48.60151354168136
            ],
            [
              44.96690380896387,
              48.60133361687548
            ],
            [
              44.96771764959067,
              48.60133384788477
            ],
            [
              44.96771776424567,
              48.6011539230718
            ],
            [
              44.96744648499908,
              48.601153846708215
            ],
            [
              44.967446600616434,
              48.60097392189006
            ],
            [
              44.96717532233446,
              48.60097384488793
            ],
            [
              44.967175205753634,
              48.6011537697056
            ],
            [
              44.966632647266195,
              48.601153613783296
            ],
            [
              44.966632528757245,
              48.601333538594325
            ],
            [
              44.96581868814443,
              48.60133329991668
            ],
            [
              44.96581844534201,
              48.6016931495188
            ],
            [
              44.966089727472095,
              48.601693229718045
            ],
            [
              44.9660896070326,
              48.60187315451114
            ],
            [
              44.9663608901274,
              48.601873234071846
            ],
            [
              44.96636077065024,
              48.60205315885978
            ],
            [
              44.966632054709734,
              48.60205323778196
            ],
            [
              44.966631936194936,
              48.60223316256473
            ],
            [
              44.9671745062445,
              48.602233318492914
            ],
            [
              44.96717438965561,
              48.60241324327102
            ],
            [
              44.96771696163686,
              48.60241339664397
            ],
            [
              44.96771650297836,
              48.60313309570378
            ],
            [
              44.96798779282496,
              48.603133171433576
            ],
            [
              44.967987679121094,
              48.60331309618487
            ],
            [
              44.968530260744835,
              48.603313245728195
            ],
            [
              44.96853014896705,
              48.603493170474785
            ],
            [
              44.96934402430172,
              48.603493389998114
            ],
            [
              44.96934391541366,
              48.60367331474043
            ],
            [
              44.97015779364883,
              48.6036735285134
            ],
            [
              44.97015768765056,
              48.6038534532514
            ]
          ],
          [
            [
              44.94791197782966,
              48.603485690706265
            ],
            [
              44.94872585283357,
              48.60348605593927
            ],
            [
              44.948726034954184,
              48.60330613123741
            ],
            [
              44.94899732566216,
              48.60330625170283
            ],
            [
              44.94899750681739,
              48.60312632699458
            ],
            [
              44.947641058113526,
              48.603125718280566
            ],
            [
              44.94764087214035,
              48.603305642984985
            ],
            [
              44.94791216284108,
              48.603305766006706
            ],
            [
              44.94791197782966,
              48.603485690706265
            ]
          ],
          [
            [
              44.94411468869506,
              48.60276421144808
            ],
            [
              44.94492855205704,
              48.60276460351247
            ],
            [
              44.94492874766033,
              48.60258467879904
            ],
            [
              44.94465746083461,
              48.602584548750805
            ],
            [
              44.94465765739953,
              48.60240462403254
            ],
            [
              44.94411508568104,
              48.602404362020515
            ],
            [
              44.944115482659186,
              48.60204451257036
            ],
            [
              44.94357291480269,
              48.60204424800545
            ],
            [
              44.94357311521587,
              48.60186432327355
            ],
            [
              44.943030549294335,
              48.60186405615415
            ],
            [
              44.94303115630303,
              48.6013242819296
            ],
            [
              44.94275987623576,
              48.60132414741388
            ],
            [
              44.942759469638304,
              48.601683996900874
            ],
            [
              44.94248818764605,
              48.60168386174442
            ],
            [
              44.942488596170506,
              48.60132401225911
            ],
            [
              44.94221731610727,
              48.60132387646534
            ],
            [
              44.94221772655062,
              48.60096402695915
            ],
            [
              44.94194644841637,
              48.600963890528064
            ],
            [
              44.941946654598475,
              48.60078396576734
            ],
            [
              44.94167537742972,
              48.600783828698084
            ],
            [
              44.94167558457325,
              48.60060390393258
            ],
            [
              44.94140430837,
              48.60060376622518
            ],
            [
              44.941404516474925,
              48.6004238414549
            ],
            [
              44.94113324123717,
              48.60042370310934
            ],
            [
              44.94113345030348,
              48.60024377833428
            ],
            [
              44.94004835322696,
              48.60024321856553
            ],
            [
              44.94004792738474,
              48.60060306810297
            ],
            [
              44.9405904797726,
              48.60060334926889
            ],
            [
              44.94059026877525,
              48.60078327403091
            ],
            [
              44.94086154593577,
              48.60078341365623
            ],
            [
              44.9408613358998,
              48.60096333841347
            ],
            [
              44.94140389215398,
              48.6009636157488
            ],
            [
              44.94140368404288,
              48.60114354050214
            ],
            [
              44.94194624223223,
              48.60114381528313
            ],
            [
              44.941945829857836,
              48.60150366477629
            ],
            [
              44.94221711088255,
              48.601503801209965
            ],
            [
              44.94221628996342,
              48.602223500131934
            ],
            [
              44.94303014461188,
              48.602223905608945
            ],
            [
              44.94303034695411,
              48.602043980884375
            ],
            [
              44.94330163087741,
              48.602044114764425
            ],
            [
              44.94330122811804,
              48.60240396420961
            ],
            [
              44.943843799824734,
              48.60240423005593
            ],
            [
              44.94384360036917,
              48.60258415477172
            ],
            [
              44.94411488718903,
              48.60258428673714
            ],
            [
              44.94411468869506,
              48.60276421144808
            ]
          ],
          [
            [
              44.94709904233472,
              48.602585696178956
            ],
            [
              44.94791290286848,
              48.602586067152004
            ],
            [
              44.947913087870766,
              48.60240614242419
            ],
            [
              44.948455659641986,
              48.60240638654272
            ],
            [
              44.948455842715354,
              48.602226461807724
            ],
            [
              44.94872712764014,
              48.60222658290765
            ],
            [
              44.94872785606148,
              48.60150688390814
            ],
            [
              44.94845657499078,
              48.60150676281126
            ],
            [
              44.94845694111765,
              48.60114691327913
            ],
            [
              44.94818566197573,
              48.60114679154474
            ],
            [
              44.94818584599993,
              48.60096686677096
            ],
            [
              44.9479145678233,
              48.60096674439831
            ],
            [
              44.94791493779317,
              48.600606894835344
            ],
            [
              44.94737238529925,
              48.60060664817611
            ],
            [
              44.947372759115595,
              48.60024679859364
            ],
            [
              44.94710148479828,
              48.60024667430707
            ],
            [
              44.94710167266711,
              48.60006674950814
            ],
            [
              44.94655912596492,
              48.60006649901955
            ],
            [
              44.946559505550674,
              48.59970664940789
            ],
            [
              44.946288234129206,
              48.599706523206684
            ],
            [
              44.946288424882674,
              48.59952659839317
            ],
            [
              44.94601715442649,
              48.599526471553766
            ],
            [
              44.94601734614147,
              48.5993465467354
            ],
            [
              44.94574607665057,
              48.59934641925782
            ],
            [
              44.94574626932703,
              48.599166494434584
            ],
            [
              44.94520373227771,
              48.59916623756408
            ],
            [
              44.94520392687902,
              48.598986312736834
            ],
            [
              44.94439012420959,
              48.598985922641155
            ],
            [
              44.94439032169905,
              48.5988059978107
            ],
            [
              44.94411905510982,
              48.59880586650168
            ],
            [
              44.944118856657,
              48.59898579133131
            ],
            [
              44.94384758910636,
              48.598985659382485
            ],
            [
              44.94384738968821,
              48.599165584205636
            ],
            [
              44.94357612117617,
              48.599165451617
            ],
            [
              44.94357592079267,
              48.59934537643366
            ],
            [
              44.94330465131923,
              48.599345243205214
            ],
            [
              44.943304449970356,
              48.59952516801538
            ],
            [
              44.94303317953552,
              48.59952503414711
            ],
            [
              44.94303297722126,
              48.59970495895078
            ],
            [
              44.94276170582501,
              48.599704824442675
            ],
            [
              44.942761502545345,
              48.599884749239855
            ],
            [
              44.9424902301877,
              48.599884614091906
            ],
            [
              44.94249002594261,
              48.60006453888258
            ],
            [
              44.94276129926367,
              48.600064674031394
            ],
            [
              44.9427608926943,
              48.60042452359749
            ],
            [
              44.94303216794424,
              48.600424658108984
            ],
            [
              44.943031763293746,
              48.60078450765418
            ],
            [
              44.94330304047258,
              48.60078464152835
            ],
            [
              44.9433028391078,
              48.60096456629331
            ],
            [
              44.9435741172521,
              48.60096469952931
            ],
            [
              44.943573916848806,
              48.60114462428947
            ],
            [
              44.94384519595855,
              48.601144756887265
            ],
            [
              44.943844996516766,
              48.601324681642595
            ],
            [
              44.94411627659196,
              48.601324813602204
            ],
            [
              44.944116078111705,
              48.601504738352716
            ],
            [
              44.94438735915236,
              48.601504869674116
            ],
            [
              44.94438716163365,
              48.60168479441981
            ],
            [
              44.94520100765778,
              48.60168518455228
            ],
            [
              44.94520061839562,
              48.60204503403161
            ],
            [
              44.94547190233455,
              48.60204516279932
            ],
            [
              44.94547209600307,
              48.60186523806166
            ],
            [
              44.945743378980396,
              48.601865366189514
            ],
            [
              44.94574357168349,
              48.60168544144542
            ],
            [
              44.9460148536992,
              48.60168556893342
            ],
            [
              44.946014661959616,
              48.60186549367834
            ],
            [
              44.94628594494073,
              48.6018656205281
            ],
            [
              44.94628556338296,
              48.60222547000256
            ],
            [
              44.946556848293014,
              48.60222559621487
            ],
            [
              44.94655665847485,
              48.60240552094442
            ],
            [
              44.94682794435032,
              48.602405646518484
            ],
            [
              44.946828133204946,
              48.60222572178815
            ],
            [
              44.947099418118746,
              48.602225846722376
            ],
            [
              44.94709904233472,
              48.602585696178956
            ]
          ],
          [
            [
              44.95578116450303,
              48.60150980812637
            ],
            [
              44.95605244561893,
              48.60150991196936
            ],
            [
              44.956052913873705,
              48.600970137603255
            ],
            [
              44.956324192100695,
              48.60097024080526
            ],
            [
              44.95632372673637,
              48.60151001517331
            ],
            [
              44.95876525686116,
              48.60151091525237
            ],
            [
              44.95876540331267,
              48.601330990463005
            ],
            [
              44.959307963651774,
              48.60133118345
            ],
            [
              44.95930810817487,
              48.601151258653786
            ],
            [
              44.95822299135638,
              48.601150870126126
            ],
            [
              44.95822313973195,
              48.600970945326694
            ],
            [
              44.95876569621135,
              48.60097114086735
            ],
            [
              44.95876584265852,
              48.60079121606103
            ],
            [
              44.95903711993693,
              48.60079131287222
            ],
            [
              44.95903741090003,
              48.600431463241435
            ],
            [
              44.95876613554853,
              48.60043136643146
            ],
            [
              44.958766281991366,
              48.6002514416082
            ],
            [
              44.95849500760475,
              48.60025134415985
            ],
            [
              44.95849486019848,
              48.60043126898248
            ],
            [
              44.957952309502744,
              48.60043107216752
            ],
            [
              44.95795201083202,
              48.60079092179338
            ],
            [
              44.95768073355946,
              48.60079082242613
            ],
            [
              44.957680583258416,
              48.600970747229965
            ],
            [
              44.95795186149445,
              48.60097084659784
            ],
            [
              44.95795171215539,
              48.60115077139666
            ],
            [
              44.95740915375786,
              48.60115057202063
            ],
            [
              44.957409305023866,
              48.60097064722307
            ],
            [
              44.95713802679081,
              48.60097054657715
            ],
            [
              44.957138179018784,
              48.60079062177457
            ],
            [
              44.95632434721907,
              48.60079031600461
            ],
            [
              44.95632450233592,
              48.600610391198316
            ],
            [
              44.956053226035856,
              48.600610287997604
            ],
            [
              44.95605338211462,
              48.60043036318631
            ],
            [
              44.955782106779544,
              48.60043025934724
            ],
            [
              44.955782577896876,
              48.59989048488139
            ],
            [
              44.95496876057186,
              48.599890169536096
            ],
            [
              44.95496844071464,
              48.600250019181686
            ],
            [
              44.95469716634926,
              48.60024991278725
            ],
            [
              44.95469748813333,
              48.59989006314301
            ],
            [
              44.95442621569639,
              48.59988995611091
            ],
            [
              44.95442605384173,
              48.60006988093517
            ],
            [
              44.953612233650276,
              48.60006955600288
            ],
            [
              44.95361206890373,
              48.60024948081946
            ],
            [
              44.953883343262696,
              48.60024958976991
            ],
            [
              44.953883015691616,
              48.60060943938748
            ],
            [
              44.954425568268164,
              48.60060965537409
            ],
            [
              44.95442540640712,
              48.60078958017577
            ],
            [
              44.95469668366125,
              48.60078968721123
            ],
            [
              44.954696844558846,
              48.60060976240888
            ],
            [
              44.954968120851106,
              48.60060986880465
            ],
            [
              44.954967960916974,
              48.60078979360766
            ],
            [
              44.95551051543315,
              48.60079000448351
            ],
            [
              44.955510357424366,
              48.60096992928219
            ],
            [
              44.95578163564826,
              48.600970033762245
            ],
            [
              44.9557814786014,
              48.60114995855593
            ],
            [
              44.95551019941403,
              48.60114985407524
            ],
            [
              44.95551004140213,
              48.601329778862606
            ],
            [
              44.95578132155298,
              48.60132988334397
            ],
            [
              44.95578116450303,
              48.60150980812637
            ]
          ],
          [
            [
              44.95768118445367,
              48.60025104798072
            ],
            [
              44.9579524588359,
              48.6002511473461
            ],
            [
              44.95795275749777,
              48.599891297686334
            ],
            [
              44.95768148504241,
              48.599891198322204
            ],
            [
              44.95768118445367,
              48.60025104798072
            ]
          ]
        ]
      },
      "properties": {
        "contour_id": "BS-CNT-0006",
        "severity_class": 1,
        "severity_ru": "Слабая",
        "severity_en": "Low",
        "area_ha": 417.28,
        "utm_zone": "EPSG:32638"
      }
    },
    {
      "type": "Feature",
      "id": "BS-CNT-0007",
      "geometry": {
        "type": "Polygon",
        "coordinates": [
          [
            [
              44.94791197782966,
              48.603485690706265
            ],
            [
              44.94791216284108,
              48.603305766006706
            ],
            [
              44.94764087214035,
              48.603305642984985
            ],
            [
              44.947641058113526,
              48.603125718280566
            ],
            [
              44.94899750681739,
              48.60312632699458
            ],
            [
              44.94899732566216,
              48.60330625170283
            ],
            [
              44.948726034954184,
              48.60330613123741
            ],
            [
              44.94872585283357,
              48.60348605593927
            ],
            [
              44.94791197782966,
              48.603485690706265
            ]
          ]
        ]
      },
      "properties": {
        "contour_id": "BS-CNT-0007",
        "severity_class": 2,
        "severity_ru": "Средняя",
        "severity_en": "Moderate",
        "area_ha": 0.32,
        "utm_zone": "EPSG:32638"
      }
    },
    {
      "type": "Feature",
      "id": "BS-CNT-0008",
      "geometry": {
        "type": "Polygon",
        "coordinates": [
          [
            [
              44.95768118445367,
              48.60025104798072
            ],
            [
              44.95768148504241,
              48.599891198322204
            ],
            [
              44.95795275749777,
              48.599891297686334
            ],
            [
              44.9579524588359,
              48.6002511473461
            ],
            [
              44.95768118445367,
              48.60025104798072
            ]
          ]
        ]
      },
      "properties": {
        "contour_id": "BS-CNT-0008",
        "severity_class": 2,
        "severity_ru": "Средняя",
        "severity_en": "Moderate",
        "area_ha": 0.08,
        "utm_zone": "EPSG:32638"
      }
    }
  ]
}